UNITID,INSTNM,CITY,STABBR,ZIP,INSTURL,MAIN,NUMBRANCH,CONTROL,REGION,LOCALE,LATITUDE,LONGITUDE,CCBASIC,CCUGPROF,CCSIZSET,HBCU,PBI,ANNHI,TRIBAL,AANAPII,HSI,NANTI,MENONLY,WOMENONLY,RELAFFIL,ADM_RATE,SATVR25,SATVR75,SATMT25,SATMT75,SATVRMID,SATMTMID,ACTCM25,ACTCM75,ACTEN25,ACTEN75,ACTMT25,ACTMT75,ACTCMMID,ACTENMID,ACTMTMID,SAT_AVG,CIP01BACHL,CIP03BACHL,CIP04BACHL,CIP05BACHL,CIP09BACHL,CIP10BACHL,CIP11BACHL,CIP12BACHL,CIP13BACHL,CIP14BACHL,CIP15BACHL,CIP16BACHL,CIP19BACHL,CIP22BACHL,CIP23BACHL,CIP24BACHL,CIP25BACHL,CIP26BACHL,CIP27BACHL,CIP29BACHL,CIP30BACHL,CIP31BACHL,CIP38BACHL,CIP39BACHL,CIP40BACHL,CIP41BACHL,CIP42BACHL,CIP43BACHL,CIP44BACHL,CIP45BACHL,CIP46BACHL,CIP47BACHL,CIP48BACHL,CIP49BACHL,CIP50BACHL,CIP51BACHL,CIP52BACHL,CIP54BACHL,DISTANCEONLY,UGDS,UGDS_WHITE,UGDS_BLACK,UGDS_HISP,UGDS_ASIAN,UGDS_AIAN,UGDS_NHPI,UGDS_2MOR,UGDS_NRA,UGDS_UNKN,AVGFACSAL,PFTFAC,UG25ABV,COMP_ORIG_YR2_RT,COMP_ORIG_YR3_RT,COMP_ORIG_YR4_RT,COMP_ORIG_YR6_RT,COMP_ORIG_YR8_RT,OPEFLAG,ADMCON7,UGDS_MEN,UGDS_WOMEN,MD_EARN_WNE_P6,PCT25_EARN_WNE_P6,PCT75_EARN_WNE_P6,COUNT_NWNE_1YR,COUNT_WNE_1YR,C150_4,COST_INSTATE_ONCAMPUS,COST_INSTATE_OFFCAMPUS,COST_OUTSTATE_ONCAMPUS,COST_OUTSTATE_OFFCAMPUS,FINAID1,FINAID2,FINAID3,FINAID4,FINAID5,CLIMATE_ZONE,GPA_BOTTOM_TEN_PERCENT
100654,Alabama A & M University,Normal,AL,35762,www.aamu.edu/,1,1,1,5,12,34.783368,-86.568502,18,10,14,1,0,0,0,0,0,0,0,0,NA,0.9175,430,510,410,500,470,455,15,19,14,20,15,18,17,17,17,939,1,1,1,0,0,1,1,0,1,1,1,0,1,0,1,1,0,1,1,0,0,1,0,0,1,0,1,1,1,1,0,0,0,0,1,0,2,0,0,5271,0.014,0.9072,0.0091,0.0019,0.0021,0.0011,0.0114,0.007,0.0461,7709,0.711,0.0383,0.036073329,0.11443433,0.210526316,0.280772325,0.314393939,1,1,0.3967,0.6033,28704,16621,43112,19,552,0.2974,23954,23954,32564,32564,8743,9204,4648,4037,3634,Cfa,2.5
100663,University of Alabama at Birmingham,Birmingham,AL,35294-0110,https://www.uab.edu/,1,1,1,5,12,33.505697,-86.799345,15,9,15,0,0,0,0,0,0,0,0,0,NA,0.7366,560,680,530,685,620,608,22,29,22,32,20,27,26,27,24,1234,0,0,0,1,1,0,1,0,1,1,0,1,0,0,1,1,0,1,1,0,0,0,1,0,1,0,1,1,1,1,0,0,0,0,1,2,2,1,0,13328,0.5586,0.2414,0.0565,0.0678,0.0022,3.00E-04,0.0446,0.023,0.0056,11049,0.7754,0.1996,0.145747708,0.327259204,0.461707585,0.536302395,0.524893863,1,1,0.389,0.611,39271,25402,57882,127,2737,0.634,27630,27630,39462,39462,9941,8969,6298,5040,5044,Cfa,2.9
100690,Amridge University,Montgomery,AL,36117-3553,www.amridgeuniversity.edu/,1,1,2,5,12,32.362609,-86.17401,20,5,6,0,0,0,0,0,0,0,0,0,74,0.513231333,457.5266667,554.7066667,445.14,538.6666667,506.5733333,492.04,16.94,22.02666667,15.6,22.28666667,16.07333333,20.71333333,19.68,19.11333333,18.72,1019.013333,0,0,0,0,0,0,0,0,0,0,0,0,2,0,0,0,0,0,0,0,0,0,0,2,0,0,0,2,0,0,0,0,0,0,0,0,2,0,1,365,0.1863,0.7288,0.0164,0.0027,0.0027,0,0.0411,0,0.0219,4187,1,0.8466,0.139238024,0.0859375,0.162962963,0.141463415,0.239726027,1,1,0.2932,0.7068,32939,19587,50710,2,17,0.3333,18565.26667,19050,18565.26667,19050,6095,5576.673333,2827.693333,979.7266667,-507.3066667,Cfa,2.554
100706,University of Alabama in Huntsville,Huntsville,AL,35899,www.uah.edu/,1,1,1,5,12,34.724557,-86.640449,16,15,12,0,0,0,0,0,0,0,0,0,NA,0.8257,617,720,620,770,669,695,25,31,25,34,24,30,28,30,27,1319,0,0,0,0,1,0,1,0,1,1,0,1,0,0,1,0,0,1,1,0,1,1,1,0,1,0,1,0,0,1,0,0,0,0,1,2,1,1,0,7785,0.7161,0.0879,0.0566,0.0347,0.01,0.0014,0.0361,0.0218,0.0353,9688,0.6434,0.1543,0.165609584,0.313755796,0.464680851,0.529255319,0.485385297,1,1,0.581,0.419,47533,28209,68584,36,1193,0.5768,27636,27636,40032,40032,10907,10337,7611,6365,4686,Cfa,2.9
100724,Alabama State University,Montgomery,AL,36104-0271,www.alasu.edu/,1,1,1,5,12,32.364317,-86.295677,19,10,14,1,0,0,0,0,0,0,0,0,NA,0.969,450,510,430,510,480,470,15,19,14,20,15,17,17,17,16,946,0,0,0,0,1,0,1,0,1,1,0,0,0,0,1,0,0,1,1,0,1,1,0,0,1,0,2,1,1,1,0,0,0,0,1,1,1,1,0,3750,0.0163,0.9275,0.0099,0.0037,0.0021,8.00E-04,0.012,0.0147,0.0131,7221,0.6501,0.0691,0.02650039,0.130295763,0.237909516,0.284132841,0.266284896,1,1,0.3691,0.6309,25949,15137,36956,34,784,0.3276,22110,24216,30438,32544,8335,8170,6700,9988,8293,Cfa,2.5
100751,The University of Alabama,Tuscaloosa,AL,35487-0100,www.ua.edu/,1,1,1,5,12,33.211875,-87.545978,15,14,16,0,0,0,0,0,0,0,0,0,NA,0.8268,550,660,530,680,605,605,23,31,23,33,21,29,27,28,25,1261,0,1,0,1,1,0,1,0,1,2,0,1,2,0,1,0,0,1,1,0,2,1,1,0,1,0,1,1,1,2,0,0,0,0,1,2,2,1,0,31900,0.7683,0.1008,0.0505,0.0119,0.0037,0.0012,0.0352,0.0235,0.005,10291,0.7604,0.0828,0.105988968,0.419467651,0.569689592,0.621311823,0.586767399,1,1,0.4451,0.5549,44485,29124,62269,205,5376,0.711,30016,30016,49486,49486,10550,10009,6588,5764,4363,Cfa,2.8
100812,Athens State University,Athens,AL,35611,www.athens.edu/,1,1,1,5,31,34.806793,-86.964698,22,5,9,0,0,0,0,0,0,0,0,0,NA,0.776292667,505.9933333,610.6133333,503.6666667,601.7133333,558.44,556.18,19.8,25.57333333,19.46,25.82666667,18.12,25.20666667,22.74666667,22.83333333,21.95333333,1132.573333,0,0,0,0,0,0,1,0,2,0,0,0,0,0,1,1,0,1,1,0,1,1,2,0,1,0,1,1,0,1,0,0,0,0,1,1,2,1,0,2677,0.7643,0.1281,0.0351,0.0075,0.0082,0.0015,0.0273,0,0.028,8421,0.4808,0.5714,0.292740047,0.463054187,0.515715949,0.587987355,0.571428571,1,1,0.3153,0.6847,38536,25249,54258,42,962,0.539650667,27637.67333,27365.97333,36371.76,36100.06,11012.03333,10122.87333,7724.706667,4995.393333,3962.426667,Cfa,2.663333333
100830,Auburn University at Montgomery,Montgomery,AL,36117-3596,www.aum.edu/,1,1,1,5,12,32.36736,-86.177544,18,9,13,0,1,0,0,0,0,0,0,0,NA,0.9044,470,570,450,580,520,515,19,23,19,24,16,22,21,22,19,1082,0,1,0,0,1,0,1,0,1,0,0,1,0,0,1,1,0,1,1,0,1,1,0,0,1,0,1,1,0,2,0,0,0,0,1,2,1,1,0,4407,0.4418,0.4187,0.012,0.0202,0.0043,9.00E-04,0.0359,0.0558,0.0104,7927,0.9745,0.2063,0.105465005,0.172506739,0.24,0.334555454,0.284090909,1,1,0.356,0.644,33326,20600,49648,35,754,0.3401,20650,23966,30322,33638,7712,6388,4069,2634,3244,Cfa,2.6
100858,Auburn University,Auburn,AL,36849,www.auburn.edu/,1,1,1,5,13,32.599378,-85.488258,15,14,15,0,0,0,0,0,0,0,0,0,NA,0.8067,580,650,570,670,615,620,25,31,25,33,23,28,28,29,26,1300,1,1,1,0,1,0,1,0,1,1,0,1,1,0,1,0,0,1,1,0,1,0,1,0,1,0,1,0,1,1,0,0,0,1,1,1,1,1,0,24209,0.8003,0.0504,0.0345,0.0247,0.0028,6.00E-04,0.026,0.0576,0.0031,10738,0.8751,0.0444,0.11790103,0.442147382,0.634894459,0.721088435,0.686336495,1,1,0.5171,0.4829,49695,33227,68372,136,3551,0.7911,32196,32196,51828,51828,13196,11264,7511,5072,4098,Cfa,2.9
100937,Birmingham-Southern College,Birmingham,AL,35254,www.bsc.edu/,1,1,2,5,12,33.513774,-86.850552,21,14,11,0,0,0,0,0,0,0,0,0,71,0.5381,570,660,540,650,615,595,22,29,22,30,20,27,26,26,24,1230,0,1,0,1,1,0,1,0,1,1,0,1,0,0,1,0,0,1,1,0,1,0,1,0,1,0,1,0,0,1,0,0,0,0,1,1,1,1,0,1205,0.7867,0.1386,0.0266,0.0216,0.0025,0,0.0091,0.0149,0,6294,0.6839,0.0149,0.104285596,0.618518519,0.620192308,0.594470046,0.604081633,1,5,0.4739,0.5261,42523,26729,59716,10,197,0.691,35090,32188,35090,32188,12503,12470,11536,9478,6695,Cfa,2.9
101116,South University-Montgomery,Montgomery,AL,36116,"www.southuniversity.edu/montgomery#location=Montgomery, AL",0,9,3,5,12,32.342684,-86.216488,20,7,6,0,0,0,0,0,0,0,0,0,NA,0.773238,462.74,565.5866667,458.8866667,545.66,515.8733333,501.5666667,17.38,22.22,15.89333333,22.40666667,16.02666667,20.77333333,20.23333333,19.26666667,19.08,1035.993333,0,0,0,0,0,0,1,0,0,0,0,0,0,1,0,0,0,0,0,0,0,0,0,0,0,0,1,1,0,0,0,0,0,0,0,1,1,0,0,251,0.3108,0.6574,0.004,0.008,0.004,0.008,0,0,0.008,4826,0.1053,0.6375,0.150019135,0.199648316,0.195733333,0.155170891,0.100743855,1,2,0.1912,0.8088,26001,14273,40239,239,4070,0.1034,32195.05333,31674,32195.05333,31674,7874,7696.413333,7315.553333,4503.571111,4611.34,Cfa,2.509333333
101189,Faulkner University,Montgomery,AL,36109-3390,www.faulkner.edu/,1,1,2,5,12,32.384181,-86.21641,19,7,10,0,0,0,0,0,0,0,0,0,74,0.7833,500,590,500,570,545,535,18,23,17,23,16,22,21,20,19,1066,0,0,0,0,0,0,1,0,1,0,0,0,0,1,1,2,0,1,1,0,1,1,0,1,0,0,2,2,0,1,0,0,0,0,1,1,2,1,0,1928,0.4544,0.445,0.0275,0.0052,0.0047,0.0036,0.0239,0.0213,0.0145,6001,0.5053,0.4334,0.22234763,0.302083333,0.307692308,0.335533553,0.319472617,1,1,0.4123,0.5877,32902,19589,48437,38,643,0.3287,36335,37110,36335,37110,14962,14364,12898,13015,11058,Cfa,2.6
101365,Herzing University-Birmingham,Birmingham,AL,35209,https://www.herzing.edu/,0,9,2,5,21,33.468466,-86.832465,23,5,6,0,0,0,0,0,0,0,0,0,NA,0.7826,482.76,582.4333333,468.4733333,556.82,527.94,512.8866667,18.22,22.91333333,16.62666667,23,16.36,21.76,20.60666667,20,19.34666667,1062.066667,0,0,0,0,0,0,2,0,0,0,0,0,0,2,0,0,0,0,0,0,0,0,0,0,0,0,0,2,0,0,0,0,0,0,2,2,2,0,0,565,0.3168,0.6,0.0212,0.0035,0.0053,0.0053,0.0319,0,0.0159,6076,0.5862,0.7513,0.258715068,0.31058883,0.316458792,0.332623169,0.311285745,1,2,0.2124,0.7876,30259,17117,46166,136,2487,0.28,29780.68667,31679.39333,29780.68667,31679.39333,3143,9869,862,1864.146667,1912.94,Cfa,2.527333333
101435,Huntingdon College,Montgomery,AL,36106-2148,www.huntingdon.edu/,1,1,2,5,12,32.351034,-86.284366,22,8,7,0,0,0,0,0,0,0,0,0,71,0.5929,530,595,505,585,563,545,17,24,19,24,16,23,21,22,20,1076,0,0,0,0,1,0,0,0,1,0,0,0,0,0,1,0,0,1,1,0,0,1,1,1,1,0,1,1,0,1,0,0,0,0,1,1,1,1,0,1007,0.6832,0.1897,0.0497,0.007,0.007,0,0.0427,0,0.0209,6678,0.464,0.1419,0.150837989,0.436746988,0.534743202,0.498694517,0.429799427,1,1,0.4876,0.5124,37025,23949,51436,12,327,0.4942,38685,36685,38685,36685,17448,17669,14217,12991,12726,Cfa,2.7
101453,Heritage Christian University,Florence,AL,35630-9977,www.hcu.edu/,1,1,2,5,13,34.856153,-87.663051,24,5,6,0,0,0,0,0,0,0,0,0,74,0.2353,456.3666667,565.8533333,442.7466667,537.62,509.7933333,490.04,1,21,1,20,2,16,11,11,9,998.7666667,0,0,0,0,0,0,0,0,0,0,0,0,0,0,0,0,0,0,0,0,0,0,0,2,0,0,0,0,0,0,0,0,0,0,0,0,0,0,0,59,0.8136,0.0508,0.0678,0.0169,0,0,0.0339,0.0169,0,4774,1,0.6102,0.211257792,0.301648408,0.347330056,0.392224135,0.37182883,1,1,0.9661,0.0339,32742,18181,50831,0,122.42,0.8,21463,29623,21463,29623,10705,10440.85333,8095.206667,7083.56,6392.213333,Cfa,2.598666667
101480,Jacksonville State University,Jacksonville,AL,36265,www.jsu.edu/,1,1,1,5,23,33.822938,-85.765321,18,13,13,0,0,0,0,0,0,0,0,0,NA,0.5479,480,590,450,570,535,510,18,24,17,25,16,23,21,21,20,1084,0,0,0,0,1,0,1,0,1,0,1,1,2,0,1,2,0,1,1,0,0,1,0,0,1,0,1,1,2,1,0,0,0,0,1,1,1,1,0,6743,0.6966,0.2047,0.0059,0.0068,0.0034,4.00E-04,0,0.0187,0.0635,7269,0.6903,0.1376,0.136741974,0.288755822,0.413108839,0.456186936,0.409399478,1,1,0.4053,0.5947,34081,21459,47626,43,1562,0.4133,21831,26444,31551,36164,6311,4666,2083,261,0,Cfa,2.8
101587,University of West Alabama,Livingston,AL,35470,www.uwa.edu/,1,1,1,5,43,32.588132,-88.186329,18,11,13,0,1,0,0,0,0,0,0,0,NA,0.3493,440,520,420,500,480,460,18,22,16,21,18,24,20,19,21,1041,0,0,0,0,2,0,0,0,2,0,2,0,0,0,1,0,0,1,1,0,1,1,0,0,1,0,2,0,0,1,0,0,0,0,0,1,2,1,0,2235,0.4528,0.4076,0.0157,0.0031,0.0049,4.00E-04,0.0228,0.0403,0.0523,6481,0.4659,0.2675,0.04368932,0.089376054,0.124324324,0.250386399,0.341623037,1,1,0.3946,0.6054,34478,22463,50124,6,189,0.3503,23205,22895,32305,31995,7403,6116,3709,6132,4958,Cfa,2.6
101675,Miles College,Fairfield,AL,35064-2621,www.miles.edu/,1,1,2,5,21,33.482442,-86.908751,22,11,11,1,0,0,0,0,0,0,0,0,55,0.579775333,445.1266667,531,430.1666667,521.0333333,492.08,474.76,16.44666667,21.06666667,14.63333333,20.86666667,15.52666667,19.43333333,19.27333333,17.82,18.19333333,988.9133333,0,1,0,0,1,0,1,0,1,0,0,0,1,0,1,0,0,1,1,0,0,0,0,0,1,0,0,1,1,1,0,0,0,0,1,0,1,1,0,1452,0.0372,0.9311,0.0103,7.00E-04,7.00E-04,0,0.0165,0,0.0034,4903,0.6471,0.1298,0.063428249,0.12490996,0.05312085,0.202295552,0.152459016,1,1,0.5021,0.4979,25928,14765,37343,8,150,0.25,22894,26551,22894,26551,8450,8066,5936,7943,4488,Cfa,2.4
101693,University of Mobile,Mobile,AL,36613-2842,www.umobile.edu/,1,1,2,5,41,30.793247,-88.128934,22,13,11,0,0,0,0,0,0,0,0,0,75,0.4566,540,590,470,570,565,520,20,27,19,28,17,25,24,24,21,1166,0,0,0,0,1,0,1,0,1,0,0,0,1,0,1,2,0,1,1,0,1,1,2,1,0,0,2,0,0,1,0,0,0,0,1,1,2,1,0,1192,0.6753,0.1644,0.0126,0.0193,0.0193,0.0042,0.0252,0.0352,0.0445,5192,1,0.1023,0.126126126,0.316742081,0.390070922,0.319095477,0.341573034,1,1,0.3532,0.6468,33075,20839,48770,12,289,0.549,40110,39460,40110,39460,22841,22712,17450,14758,14747,Cfa,2.8
101709,University of Montevallo,Montevallo,AL,35115-6000,www.montevallo.edu/,1,1,1,5,21,33.10625,-86.865099,19,13,11,0,0,0,0,0,0,0,0,0,NA,0.532,520,620,510,620,570,565,20,25,20,27,17,24,23,24,21,1135,0,1,0,0,1,0,0,0,1,0,0,1,1,0,1,0,0,1,1,0,0,1,0,0,1,0,1,0,1,1,0,0,0,0,1,1,1,1,0,2200,0.6845,0.1627,0.0518,0.0086,0.0027,0.0018,0.0409,0.0295,0.0173,7756,0.7034,0.072,0.109259259,0.338596491,0.484652666,0.474242424,0.390328152,1,1,0.3473,0.6527,32169,20414,43004,28,554,0.5511,27718,27718,40738,40738,10844,9845,7684,4990,5446,Cfa,2.7
101879,University of North Alabama,Florence,AL,35632-0001,www.una.edu/,1,1,1,5,13,34.806738,-87.681361,18,13,13,0,0,0,0,0,0,0,0,0,NA,0.8878,520,610,495,570,565,533,20,26,20,27,17,24,23,24,21,1148,0,0,0,0,1,0,1,2,1,0,1,2,1,0,1,0,0,1,1,0,2,1,0,0,1,0,1,2,1,2,0,0,0,0,1,2,2,2,0,5513,0.7422,0.1324,0.0327,0.0078,0.006,7.00E-04,0.031,0.0414,0.0058,8336,1,0.1397,0.098540146,0.276297335,0.459230769,0.457777778,0.455994456,1,1,0.3873,0.6127,35791,22499,48479,45,1167,0.4858,22750,22750,32350,32350,8961,8099,5951,4631,3977,Cfa,2.7
101912,Oakwood University,Huntsville,AL,35896,https://www2.oakwood.edu/,1,1,2,5,12,34.756344,-86.652705,22,10,11,1,0,0,0,0,0,0,0,0,95,0.6473,450,578,403,530,514,467,16,23,15,23,15,21,20,19,18,1010,0,0,0,0,1,0,1,0,1,0,0,1,1,0,1,1,0,1,1,0,1,0,0,1,1,0,1,0,1,1,0,0,0,0,1,1,2,1,0,1442,0.0035,0.8044,0.0513,0.0035,0.0236,0,0,0.0742,0.0395,5218,0.7787,0.1102,0.038202247,0.210126582,0.288372093,0.238188976,0.223880597,1,1,0.4209,0.5791,28749,16734,45193,15,267,0.5096,37764,37764,37764,37764,13443,15813,11931,11819,10679,Cfa,2.6
102049,Samford University,Birmingham,AL,35229-2240,www.samford.edu/,1,1,2,5,21,33.464128,-86.791799,17,14,14,0,0,0,0,0,0,0,0,0,54,0.8331,550,640,520,610,595,565,23,29,23,32,21,27,26,28,24,1223,0,1,1,1,1,0,1,0,1,1,0,1,1,1,1,1,0,1,1,0,1,1,1,1,1,0,1,1,1,1,0,0,0,0,1,1,1,1,0,3585,0.8502,0.0667,0.0326,0.0103,0.002,3.00E-04,0.0232,0.0117,0.0031,9079,0.9826,0.0248,0.156057495,0.599552573,0.662995595,0.661572052,0.633707865,1,5,0.3336,0.6664,45778,29745,60756,20,611,0.7639,49634,50000,49634,50000,25910,24997,21122,15688,15148,Cfa,3
102058,Selma University,Selma,AL,36701,selmauniversity.edu/,1,1,2,5,32,32.420387,-87.032392,24,7,6,1,0,0,0,0,0,0,0,0,54,0.606794,437.4666667,532.9466667,427.5133333,519.8666667,485.5666667,472.02,16.11333333,21.02666667,14.24,21,15.37333333,19.24,18.68666667,17.90666667,17.49333333,985.9133333,0,0,0,0,0,0,0,0,1,0,0,0,0,0,0,1,0,1,0,0,0,0,0,1,0,0,0,0,0,0,0,0,0,0,0,0,1,0,0,310,0.0161,0.9742,0.0097,0,0,0,0,0,0,2702,1,0.5613,0.165757482,0.165008931,0.185038823,0.060344828,0.065315315,5,1,0.4323,0.5677,18990,9640,30925,1,1489.406667,0.0179,15355.39333,9880,15355.39333,9880,3281,3970.126667,1961.966667,928.5066667,-1068.18,Cfa,2.518
102094,University of South Alabama,Mobile,AL,36688-0002,www.southalabama.edu/,1,1,1,5,12,30.696033,-88.178711,16,13,16,0,0,0,0,0,0,0,0,0,NA,0.7869,520,620,510,600,570,555,20,27,21,29,18,26,24,25,22,1166,0,0,0,0,1,0,1,0,1,1,0,1,0,0,1,0,0,1,1,0,1,1,1,0,1,0,1,1,1,1,0,0,0,0,1,1,1,1,0,9380,0.6109,0.2213,0.0413,0.0317,0.0066,0.0011,0.0392,0.021,0.027,7251,0.6219,0.1379,0.108767577,0.269931663,0.381877023,0.423347398,0.396954674,1,1,0.4029,0.5971,36829,23272,53393,79,2483,0.4629,22412,23790,30308,31686,9151,7713,4333,370,0,Cfa,2.8
102234,Spring Hill College,Mobile,AL,36608-1791,www.shc.edu/,1,1,2,5,12,30.694751,-88.138199,21,12,11,0,0,0,0,0,0,0,0,0,30,0.4978,510,610,515,590,560,553,20,25,20,27,18,25,23,24,22,1131,0,0,0,0,1,0,0,0,1,1,0,1,0,0,1,1,0,1,1,0,1,0,1,0,1,0,1,0,0,1,0,0,0,0,1,1,1,1,0,1156,0.6791,0.141,0.0363,0.013,0.0026,0.0026,0.0285,0.045,0.0519,6627,0.696,0.0259,0.100839462,0.377258617,0.445448994,0.466456424,0.336870027,1,5,0.3763,0.6237,37808,25401,51582,0,292.3533333,0.5568,59062,62614,59062,62614,37363,34643,36011,31548,29568,Cfa,2.8
102270,Stillman College,Tuscaloosa,AL,35401,https://stillman.edu/,1,1,2,5,12,33.200006,-87.585278,21,15,8,1,0,0,0,0,0,0,0,0,66,0.3296,455.6133333,551.3066667,446.02,533.0666667,502.6133333,490.72,17.29333333,22.22666667,15.83333333,22.53333333,15.93333333,20.99333333,20.00666667,19.27333333,18.94,1022.86,0,0,0,0,1,0,0,0,1,0,0,0,0,0,1,1,0,1,1,0,0,0,1,1,1,0,1,1,0,0,0,0,0,0,1,0,2,1,0,830,0.0422,0.8578,0,0.0012,0.0024,0.0024,0,0,0.094,4845,0.7193,0.1452,0.074349442,0.095541401,0.19,0.298657718,0.24057971,1,2,0.4843,0.5157,27831,18643,39132,4,111,0.2716,28092,28092,28092,28092,7599,7594,5035,5555,1061,Cfa,2.5
102298,Talladega College,Talladega,AL,35160,www.talladega.edu/,1,1,2,5,32,33.433472,-86.112704,21,11,8,1,0,0,0,0,0,0,0,0,76,0.561435333,450.3933333,537.6933333,438.9666667,526.9,498.7066667,483.08,16.86666667,21.94666667,15.10666667,22.28,15.85333333,20.89333333,19.63333333,19.12666667,18.5,1013.053333,0,0,0,0,1,0,2,0,1,0,0,0,0,0,1,0,0,1,1,0,0,0,0,0,1,0,2,2,1,1,0,0,0,0,1,0,2,1,0,1169,0.024,0.8837,0.0359,0,0.0017,0.0017,0.0214,0.0282,0.0034,5889,0.5059,0.1016,0.076923077,0.120915033,0.20754717,0.252650177,0.142857143,1,1,0.4636,0.5364,23545,13457,34688,5,133,0.3398,28388,22716,28388,22716,8195,7110,6879,4558,3815.206667,Cfa,2.5
102368,Troy University,Troy,AL,36082-0001,www.troy.edu/,1,4,1,5,33,31.800672,-85.957094,18,7,15,0,0,0,0,0,0,0,0,0,NA,0.8757,470,550,460,540,510,500,18,24,19,26,17,24,21,23,21,1079,0,1,0,0,1,0,2,0,1,0,1,2,0,0,2,0,0,1,1,0,2,2,0,0,1,0,2,2,2,2,0,0,0,0,1,2,2,2,0,12595,0.526,0.3086,0.0398,0.0076,0.0035,0.0011,0.0339,0.0471,0.0324,6657,0.4748,0.2847,0.083850932,0.177409262,0.214201183,0.292129032,0.264276474,1,1,0.3725,0.6275,32760,19341,47846,77,1334,0.4749,21778,24560,29578,32360,5483,3088,3264,3993,4604,Cfa,2.7
102377,Tuskegee University,Tuskegee,AL,36088-1920,www.tuskegee.edu/,1,1,2,5,32,32.4309,-85.708492,19,10,14,1,0,0,0,0,0,0,0,0,NA,0.5173,460,558,420,540,509,480,18,23,17,24,16,22,21,21,19,1029,1,1,1,0,1,0,1,0,1,1,0,0,1,0,1,0,0,1,1,0,0,0,0,0,1,0,1,0,1,1,0,0,0,0,0,1,1,1,0,2394,0.0042,0.8885,0.0121,0.0079,0.0038,0.005,0.0167,0,0.0618,7224,0.8736,0.033,0.123317993,0.263074485,0.415335463,0.523668639,0.490765172,1,1,0.3622,0.6378,35093,21399,55785,18,503,0.5186,40750,40961,40750,40961,4584,5556,4868,4612,5419.773333,Cfa,2.6
102395,United States Sports Academy,Daphne,AL,36526-7055,www.ussa.edu/,1,1,2,5,13,30.639329,-87.91163,32,5,6,0,0,0,0,0,0,0,0,0,NA,0.596208,489.76,593.2533333,485.9066667,573.26,542.6866667,529.58,18.85333333,24.06,18.24,24.14,17.16,23.61333333,21.69333333,21.57333333,20.54,1093.38,0,0,0,0,0,0,0,0,1,0,0,0,0,0,0,0,0,0,0,0,0,2,0,0,0,0,0,0,0,0,0,0,0,0,0,0,0,0,0,211,0.6161,0.1611,0.109,0.0095,0,0,0.0616,0.0142,0.0284,5450,0.44,0.7931,0.25315203,0.340544591,0.369018862,0.259259259,0.461538462,1,2,0.8104,0.1896,40709,28556,66449,1,31,0.392661333,29405.72667,31965.72667,29309.38,31869.38,9326.366667,8924.946667,6702.693333,4707.546667,3629.526667,Cfa,2.583333333
102553,University of Alaska Anchorage,Anchorage,AK,99508,www.uaa.alaska.edu/,1,1,1,8,11,61.190163,-149.82619,18,5,15,0,0,0,0,0,0,0,0,0,NA,0.8296,514.6333333,623.1866667,509.0666667,614.66,568.8733333,561.4466667,19.87333333,25.97333333,19.39333333,26.28666667,18.34,25.45333333,23.17333333,22.84666667,22.06,1141.793333,0,1,0,0,1,0,1,0,1,1,2,1,1,1,1,0,0,1,1,0,1,1,1,0,1,2,1,1,1,1,0,0,0,1,1,1,1,1,0,9257,0.5249,0.0326,0.0945,0.0808,0.0534,0.0334,0.1215,0.0208,0.038,9124,0.5188,0.4101,0.083941606,0.137203166,0.204608661,0.2397682,0.242463533,1,2,0.4189,0.5811,37355,20855,57181,79,1348,0.2881,26713,25467,46694,45448,10024,7347,5044,2746,1699,Dfc,2.8
102580,Alaska Bible College,Palmer,AK,99645,www.akbible.edu/,1,1,2,8,32,61.598553,-149.111972,24,10,8,0,0,0,0,0,0,0,0,0,88,0.882312,493.4666667,611.5733333,487.0866667,580.8733333,552.4666667,538.4666667,18.48666667,24.24666667,17.88666667,24.4,17.04666667,23.62,21.68666667,21.44666667,20.64666667,1097.76,0,0,0,0,0,0,0,0,0,0,0,0,0,0,0,0,0,0,0,0,0,0,0,1,0,0,0,0,0,0,0,0,0,0,0,0,0,0,0,30,0.8,0.0333,0.0333,0.0333,0.0333,0,0.0667,0,0,2500,0.661242,0.25,0.215010434,0.341877645,0.371314365,0.411687025,0.410464968,1,2,0.7,0.3,36264.69333,21639.00667,52038.08,1,126.7933333,0.4,20278,25450,20278,25450,1634,4034.713333,2286.873333,290.72,-586.7333333,Dfc,2.610666667
102614,University of Alaska Fairbanks,Fairbanks,AK,99775,www.uaf.edu/,1,1,1,8,23,64.85756,-147.823146,16,5,13,0,0,1,0,0,0,1,0,0,NA,0.7599,520,650,510,630,585,570,17,25,15,25,17,25,21,20,21,1121,0,1,0,2,2,0,1,0,2,1,0,1,2,0,1,1,0,1,1,0,1,2,1,0,1,0,2,2,2,1,0,0,0,0,1,0,2,2,0,4410,0.4993,0.0361,0.0864,0.0188,0.1308,0.0082,0.1059,0.0129,0.1016,9658,0.6068,0.4797,0.095238095,0.181994192,0.227915194,0.262057878,0.250371471,1,1,0.4224,0.5776,35456,18442,55077,48,643,0.3497,22170,25380,36306,39516,11425,11217,7829,3588,2205,Dfc,2.8
102632,University of Alaska Southeast,Juneau,AK,99801-8697,www.uas.alaska.edu/,1,1,1,8,33,58.384846,-134.638255,19,5,9,0,0,1,0,0,0,1,0,0,NA,0.6057,497.0466667,606.6466667,496.64,598.4466667,553.1466667,542.6,18.99333333,24.82,18.32,24.88666667,17.2,24.28,22.04,21.86666667,21.06666667,1112.76,0,1,0,2,0,0,0,0,2,0,0,0,0,0,1,2,0,1,1,0,2,1,0,0,0,0,0,0,0,2,0,0,0,0,0,0,2,0,0,1156,0.5519,0.0078,0.0874,0.0234,0.1029,0.0329,0.1073,0.0043,0.0822,8374,0.5625,0.5467,0.080586081,0.148698885,0.19269103,0.373177843,0.283813747,1,2,0.3227,0.6773,35319,19769,51745,10,220,0.2579,19744,22684,33880,36820,8458,4316,9002,2186,963,Dfc,2.7
102669,Alaska Pacific University,Anchorage,AK,99508,www.alaskapacific.edu/,1,1,2,8,11,61.190968,-149.804168,20,7,7,0,0,1,0,0,0,0,0,0,71,0.8924,504.5133333,618.1733333,494.4933333,598.0933333,563.08,548.8466667,19.56666667,25.4,19.24666667,25.54666667,18.01333333,24.82,22.68666667,22.78666667,21.66666667,1126.473333,0,1,0,2,0,0,0,0,0,0,0,0,0,0,1,1,0,1,0,0,1,1,0,0,1,0,1,0,2,0,0,0,0,0,0,2,2,0,0,318,0.3711,0.0314,0.0755,0.022,0.2484,0.0157,0.1226,0,0.1132,5769,0.4419,0.4629,0.150684932,0.361445783,0.46969697,0.481012658,0.438461538,1,3,0.283,0.717,33401,21478,55926,4,71,0.4483,34600,43510,34600,43510,14735,19950,16533,8400,20350,Dfc,2.63
102845,Charter College,Vancouver,WA,98683-7575,https://www.chartercollege.edu/,1,1,3,8,12,45.617798,-122.494766,23,10,9,0,0,0,0,0,0,0,0,0,NA,0.854857333,488.4866667,606.92,485.5933333,578.7933333,546.0666667,532.5066667,18.93333333,24.45333333,17.73333333,24.97333333,16.85333333,23.96666667,21.77333333,21.64666667,20.78666667,1097.753333,0,0,0,0,0,0,2,0,0,0,0,0,0,0,0,0,0,0,0,0,0,0,0,0,0,0,0,0,0,0,0,0,0,1,0,2,2,0,0,2474,0.3557,0.0578,0.2146,0.0024,0.0719,0.053,0.1536,0,0.0909,4569,0.3439,0.5901,0.58477347,0.527994067,0.51110214,0.537852113,0.533418476,1,2,0.2583,0.7417,29515,16332,40897,158,2240,0.435,33488.99333,33452,33488.99333,33452,7014,7183,4786,2794,3881,Csb,2.5
104151,Arizona State University Campus Immersion,Tempe,AZ,85287,www.asu.edu/,1,13,1,6,12,33.417721,-111.934383,15,15,16,0,0,0,0,0,0,0,0,0,NA,0.8647,560,670,560,690,615,625,22,28,21,29,22,28,25,25,25,1230,0,1,1,1,1,1,1,0,1,1,1,1,1,1,1,0,0,1,1,0,1,0,1,0,1,0,1,0,0,1,0,0,0,0,1,1,1,1,0,44038,0.4927,0.0383,0.2266,0.0853,0.0112,0.0017,0.0477,0.0884,0.0082,11736,0.7887,0.0877,0.171580497,0.375634766,0.497125502,0.601409125,0.611453156,1,1,0.5525,0.4475,46621,30705,67591,995,17383,0.6349,29103,26605,47193,44695,19252,17375,12263,8923,7713,BWh,2.8
104179,University of Arizona,Tucson,AZ,85721-0066,https://www.arizona.edu/,1,2,1,6,11,32.232672,-110.950815,15,11,15,0,0,0,0,0,1,0,0,0,NA,0.8459,560,670,550,690,615,620,21,29,20,29,20,28,25,25,24,1228,1,2,2,2,2,0,2,0,2,2,1,1,1,2,1,1,0,1,1,2,2,0,2,0,2,2,2,1,1,2,0,0,0,0,1,2,2,2,0,33715,0.4977,0.0386,0.2709,0.0532,0.0117,0.0023,0.0499,0.0624,0.0133,11256,0.7567,0.1113,0.112948518,0.380340508,0.494081476,0.575732357,0.544127631,1,5,0.4644,0.5356,43784,29148,65024,303,6167,0.6471,30061,29661,54068,53668,16855,15951,12018,7217,6157,BSh,2.9
104586,Embry-Riddle Aeronautical University-Prescott,Prescott,AZ,86301-3720,prescott.erau.edu/,0,2,2,6,41,34.616766,-112.449741,22,14,10,0,0,0,0,0,0,0,0,0,NA,0.657,524.2733333,632.7,521.7333333,632.8133333,578.9133333,574.76,21.24,27.11333333,20.62666667,27.29333333,19.89333333,26.99333333,24.30666667,24.34,23.70666667,1172.02,0,0,0,0,0,0,0,0,0,1,0,0,0,0,0,0,0,0,0,0,1,0,0,0,1,0,1,1,0,1,0,0,0,1,1,0,1,0,0,2885,0.6222,0.0149,0.1359,0.0565,0.0045,0.0059,0.0624,0.069,0.0288,9256,0.722,0.0722,0.071048951,0.233216579,0.394239703,0.433176629,0.414356248,1,5,0.7362,0.2638,62242,43236,84241,91,2771,0.6878,54536,54536,54536,54536,21964,20385,17723,17704,15120,BSk,2.79
104717,Grand Canyon University,Phoenix,AZ,85017,www.gcu.edu/,1,1,3,6,11,33.513231,-112.129929,17,5,15,0,0,0,0,0,0,0,0,0,NA,0.7694,513.68,625.48,503.6333333,613.3666667,567.44,558.5266667,19.99333333,26.00666667,19.6,26.36666667,18.15333333,25.34,23.22,22.92666667,22.11333333,1143.92,0,1,0,0,2,0,2,0,2,1,1,1,1,0,2,0,0,1,0,0,0,2,0,2,1,0,0,2,2,2,0,0,0,0,2,2,2,2,0,57629,0.4791,0.1604,0.2165,0.0313,0.0095,0.0064,0.0417,0.0103,0.0449,6749,0.0812,0.569,0.178477082,0.317185756,0.393330765,0.359049034,0.287276822,1,2,0.2879,0.7121,34441,18696,58349,545,15197,0.4079,32100,32100,32100,32100,12808,12509,9833,7668,7790,BSh,2.8
105297,Dine College,Tsaile,AZ,86556,https://www.dinecollege.edu/,1,1,1,6,43,36.293328,-109.21684,33,7,9,0,0,1,1,0,0,0,0,0,NA,0.727379333,465.42,560.0733333,460.9533333,543.6066667,508.3666667,504.3666667,17.68,22.82,16.05333333,23.05333333,16.41333333,21.13333333,20.35333333,20,19.38,1045.693333,0,0,0,1,0,0,0,0,1,0,0,1,0,0,0,0,0,1,0,0,0,0,0,0,0,0,1,0,0,0,0,0,0,0,1,1,1,0,0,1377,0.0029,0,0.0015,0.0015,0.9891,0,0,0.0051,0,5957,0.6154,0.4593,0.038071066,0.056213018,0.088772846,0.127659574,0.095959596,1,2,0.3043,0.6957,22467,10964,33756,2,25,0.1226,12700,14680,12700,14680,3008,2647,2066,1373,-10.66666667,BSk,2.5
105330,Northern Arizona University,Flagstaff,AZ,86011-4092,https://nau.edu/,1,1,1,6,13,35.188449,-111.653724,16,11,16,0,0,0,0,0,1,0,0,0,NA,0.8489,522.8733333,631.4266667,516.8666667,622.46,575.86,568.7533333,20.83333333,26.5,20.05333333,26.70666667,19.26,26.02666667,23.98666667,23.64,22.96666667,1171.34,0,1,0,1,2,0,1,0,2,1,0,1,0,1,1,2,0,1,1,0,2,2,1,0,1,2,2,0,2,2,0,0,0,0,1,2,2,1,0,26135,0.5485,0.0319,0.2532,0.0217,0.0264,0.0029,0.0572,0.0411,0.0171,8431,0.663,0.1735,0.191246569,0.428316478,0.518185969,0.532831378,0.523374726,1,2,0.38,0.62,41369,28002,57959,239,6709,0.5664,28150,28262,42770,42882,17878,17330,14454,10594,8477,Csb,2.8
105367,Ottawa University-Phoenix,Phoenix,AZ,85021,www.ottawa.edu/,0,5,2,6,11,33.572173,-112.113001,20,7,6,0,0,0,0,0,1,0,0,0,52,0.516841333,464.9466667,570.1133333,464.9333333,552.0466667,516.3,501.8533333,17.36666667,22.48666667,15.62,22.23333333,15.94666667,21.56,19.75333333,19.26,19.2,1028.12,0,0,0,0,2,0,2,0,2,0,0,0,0,0,2,2,0,0,2,0,0,0,0,2,0,0,2,2,2,0,0,0,0,0,2,2,2,2,0,383,0.5405,0.1018,0.2715,0.0183,0.0209,0,0.0052,0,0.0418,6603,0.7143,0.8256,0.252392344,0.366197183,0.37922403,0.332503113,0.288981289,1,1,0.2559,0.7441,42665,26953,62039,22,616,0.390266667,30486.2,30992.85333,31662.68,32169.33333,10474.3,11170.85333,8935.56,6442.38,5950.426667,BSh,2.605333333
105534,Pima Medical Institute-Tucson,Tucson,AZ,85712,pmi.edu/,1,14,3,6,11,32.248067,-110.878783,26,10,9,0,0,0,0,0,0,0,0,0,NA,0.797339333,521.26,624.2933333,504.1066667,609.4866667,574.2666667,555.4666667,20.04666667,25.58,19.54666667,26.18666667,18.06,25.16,22.78666667,22.83333333,21.96,1141.94,0,0,0,0,0,0,0,0,0,0,0,0,0,0,0,0,0,0,0,0,0,0,0,0,0,0,0,0,0,0,0,0,0,0,0,2,0,0,0,1931,0.3698,0.0653,0.4096,0.0414,0.0166,0.0041,0.087,0,0.0062,5896,0.5914,0.6774,0.679266348,0.68743237,0.692901909,0.696234187,0.646119672,1,2,0.1932,0.8068,31568,19256,43770,476,8569,0.6989,32641.56,34189.57333,34263.43333,35811.44667,8106.826667,7273.28,5746.526667,3468.76,2645.02,BSh,2.614
105589,Prescott College,Prescott,AZ,86301,https://www.prescott.edu/,1,1,2,6,13,34.5452,-112.477185,20,13,7,0,0,0,0,0,0,0,0,0,NA,0.9741,480.5733333,604.9333333,480.4866667,580.2066667,542.7866667,525.9933333,18.68666667,24.43333333,17.68,24.72,17.06666667,23.82666667,21.8,21.52666667,20.84,1087.493333,0,2,0,0,0,0,0,0,2,0,0,0,0,0,2,2,0,0,0,0,2,1,0,0,0,0,2,0,0,1,0,0,0,0,1,2,2,0,0,465,0.6903,0.028,0.0473,0.0129,0.0237,0.0043,0.071,0.0043,0.1183,5095,0.3696,0.2903,0.230088496,0.321428571,0.23015873,0.27607362,0.255230126,1,5,0.3312,0.6688,28834,17112,41616,5,53,0.325,44499,43141,44499,43141,27557,22342,22546,21742,15898,BSk,2.620666667
105899,Arizona Christian University,Glendale,AZ,85306-3216,arizonachristian.edu/,1,1,2,6,21,33.622952,-112.181776,22,11,7,0,0,0,0,0,0,0,0,0,88,0.6793,450,550,440,530,500,485,15,21,14,20,16,20,18,17,18,982,0,0,0,0,1,0,0,0,2,0,0,0,0,0,0,0,0,1,0,0,0,0,0,2,0,0,2,0,0,1,0,0,0,0,0,0,2,0,0,803,0.4558,0.1494,0.2391,0.0137,0.0075,0.0025,0.0535,0.0448,0.0336,5377,0.186,0.0931,0.128113879,0.267489712,0.27037037,0.174157303,0.310559006,1,1,0.6376,0.3624,35500,21787,52962,5,135,0.5,45338,45790,45338,45790,18945,16651,18511,18184,17746,BSh,2.63
106245,University of Arkansas at Little Rock,Little Rock,AR,72204,ualr.edu/www/,1,1,1,5,12,34.723254,-92.339778,16,9,12,0,0,0,0,0,0,0,0,0,NA,0.6582,502.0266667,605.0066667,496.4733333,601.76,554.5933333,549.0733333,19,25,19,26,17,25,22,23,21,1120,0,0,0,0,2,0,1,0,2,1,2,1,0,1,2,2,0,1,2,0,2,0,1,0,1,0,2,2,2,2,0,0,0,0,1,2,2,1,0,5900,0.4864,0.2719,0.0439,0.022,0.0037,0,0.1322,0.0369,0.0029,6908,0.9704,0.3598,0.14822335,0.231738035,0.283056812,0.288760551,0.325188805,1,1,0.3686,0.6314,35410,22638,51795,55,1363,0.4272,24230,25525,36440,37735,7654,4815,7108,6566,3873,Cfa,2.6
106263,University of Arkansas for Medical Sciences,Little Rock,AR,72205-7199,www.uams.edu/,1,1,1,5,12,34.749048,-92.320046,25,7,10,0,0,0,0,0,0,0,0,0,NA,0.541863333,531.02,628.6666667,518.08,620.26,580.7466667,563.9,21.2,26.92,20.7,27.1,19.64,26.18,24.18,24.41333333,23.06666667,1170.08,0,0,0,0,0,0,0,0,0,0,0,0,0,0,0,0,0,0,0,0,0,0,0,0,0,0,0,0,0,0,0,0,0,0,0,2,0,0,0,649,0.6903,0.1032,0.0724,0.0308,0.0062,0.0031,0.0262,0.0123,0.0555,9354,0.8471,0.467,0.79638009,0.74,0.845864662,0.83974359,0.745810056,1,2,0.1664,0.8336,60527,43796,89199,12,575,0.748306667,39420.74667,40910.25333,47397.16667,48886.67333,17439.31333,18393.22667,15667.52667,12159.86,9144.78,Cfa,2.606666667
106306,Arkansas Baptist College,Little Rock,AR,72202-6068,www.arkansasbaptist.edu/,1,1,2,5,12,34.734751,-92.290555,23,11,8,1,0,0,0,0,0,0,0,0,54,0.580758,441.9,534.3,429.78,523.6333333,491.9133333,476.6066667,15.92,20.82,14.08666667,20.2,15.17333333,19.17333333,18.88666667,17.49333333,17.68666667,983.6133333,0,0,0,0,0,0,0,0,1,0,0,0,0,0,0,0,0,0,0,0,0,0,1,0,0,0,0,1,1,0,0,0,0,0,1,0,1,0,0,531,0.1394,0.7853,0.0151,0.0019,0.0056,0,0.0038,0.0056,0.0433,4367,0.3953,0.1996,0.04950495,0.078651685,0.067092652,0.041958042,0.052259887,1,1,0.7721,0.2279,21762,12167,34819,4,39,0.0784,23060,22014,23060,22014,2841,5144,1578,550,5500,Cfa,2.5
106342,Lyon College,Batesville,AR,72501,www.lyon.edu/,1,1,2,5,33,35.777619,-91.625354,21,14,8,0,0,0,0,0,0,0,0,0,66,0.444,520,620,520,580,570,550,21,26,20,27,21,25,24,24,23,1165,0,0,0,0,0,0,1,0,1,0,0,1,0,0,1,0,0,1,1,0,0,0,1,0,1,0,1,0,0,1,0,0,0,0,1,0,1,1,0,650,0.5462,0.0938,0.0631,0.0462,0.0277,0,0,0.0138,0.2092,6577,1,0.0242,0.102468042,0.072164948,0.093117409,0.5,0.36036036,1,1,0.5631,0.4369,30527,19816,44668,3,54,0.538,42450,42450,42450,42450,24638,26571,24919,26560,24117,Cfa,2.7
106397,University of Arkansas,Fayetteville,AR,72701,https://www.uark.edu/,1,1,1,5,13,36.070009,-94.176981,15,15,16,0,0,0,0,0,0,0,0,0,NA,0.7709,570,650,550,650,610,600,23,30,23,31,22,28,27,27,25,1253,1,1,1,1,2,0,1,0,1,1,0,1,1,0,1,0,0,1,1,0,2,1,1,0,1,0,1,1,1,1,0,0,0,0,1,2,2,1,0,22766,0.7557,0.0398,0.093,0.0255,0.0092,8.00E-04,0.043,0.0263,0.0067,10058,0.8514,0.0789,0.104272635,0.39769821,0.543859649,0.573354069,0.549072412,1,1,0.4617,0.5383,43807,28098,62063,164,4022,0.6621,26144,26144,42632,42632,11296,10258,7054,4463,3431,Cfa,2.9
106412,University of Arkansas at Pine Bluff,Pine Bluff,AR,71601,www.uapb.edu/,1,1,1,5,13,34.244031,-92.018683,22,10,11,1,0,0,0,0,0,0,0,0,NA,0.4394,440,530,450,520,485,485,16,20,15,21,16,19,18,18,18,978,1,1,0,0,1,0,1,0,1,0,1,0,1,0,1,1,0,1,1,0,0,0,0,0,1,0,1,1,1,1,0,0,0,0,1,1,1,0,0,2333,0.0287,0.9023,0.0231,0.0039,0.0039,9.00E-04,0.0197,0.0137,0.0039,5807,0.8133,0.089,0.07239819,0.217821782,0.345661451,0.317679558,0.254368932,1,1,0.4068,0.5932,26331,15326,36519,24,455,0.3345,21264,18668,27924,25328,7901,7565,4037,3037,3110,Cfa,2.5
106458,Arkansas State University,Jonesboro,AR,72401,www.astate.edu/,1,1,1,5,13,35.842388,-90.679988,16,9,13,0,0,0,0,0,0,0,0,0,NA,0.7991,510,610,503,610,560,557,21,27,21,29,19,26,24,25,23,1188,1,1,0,0,2,0,1,0,1,1,1,1,0,0,1,2,0,1,1,0,1,1,1,0,1,0,2,2,1,2,0,0,0,0,1,2,1,1,0,8159,0.7397,0.134,0.037,0.0088,0.0037,6.00E-04,0.0218,0.0465,0.008,7216,0.7,0.1755,0.163904236,0.326171875,0.41322314,0.377399381,0.372463316,1,1,0.4046,0.5954,32687,20086,46643,60,2440,0.5302,24388,23824,31348,30784,10808,10084,7521,6143,5116,Cfa,2.7
106467,Arkansas Tech University,Russellville,AR,72801-2222,www.atu.edu/,1,1,1,5,33,35.293237,-93.13562,18,10,13,0,0,0,0,0,0,0,0,0,NA,0.9474,496.8466667,607.2066667,500.4133333,605.12,554.5,551.14,19.62666667,25.58,19.28,25.70666667,18.12666667,25.06,22.87333333,22.84,21.78,1128.38,1,1,0,0,1,0,1,0,1,1,0,1,0,0,1,0,0,1,1,0,2,1,0,0,1,0,1,2,0,1,0,0,0,0,1,2,2,2,0,7930,0.7438,0.0786,0.0787,0.0134,0.0059,0.0011,0.0454,0.0332,0,6868,0.9946,0.1396,0.151593454,0.316221766,0.381415241,0.422984836,0.390495868,1,2,0.4528,0.5472,32177,19697,45706,95,1826,0.3836,19606,25314,25174,30882,8516,8862,6695,5296,5392,Cfa,2.6
106485,University of Arkansas at Monticello,Monticello,AR,71656,www.uamont.edu/,1,1,1,5,33,33.590909,-91.811153,19,10,10,0,0,0,0,0,0,0,0,0,NA,0.805266,473.7533333,578.0133333,473.5733333,566.6933333,527.88,524.0666667,18.07333333,23.75333333,17.06666667,23.72,16.8,23.05333333,20.92,20.98,20.6,1077.593333,1,1,0,0,1,0,0,0,2,0,1,1,0,0,1,2,0,1,1,0,1,1,0,0,1,0,1,1,1,1,0,0,0,0,1,1,1,1,0,2115,0.5991,0.2832,0.0336,0.0028,0.0014,0,0.0704,0.0076,0.0019,5765,1,0.1743,0.145,0.183279743,0.242512077,0.258353708,0.213302752,1,1,0.4303,0.5697,26554,15694,40253,32,425,0.2947,19993,21619,25843,27469,6631,6799,4756,1809,2512,Cfa,2.6
106704,University of Central Arkansas,Conway,AR,72035-0001,www.uca.edu/,1,1,1,5,13,35.077945,-92.457672,17,13,13,0,0,0,0,0,0,0,0,0,NA,0.9042,490,580,470,580,535,525,21,27,21,29,19,25,24,25,22,1187,0,1,0,1,1,0,1,0,1,1,0,1,1,0,1,1,0,1,1,0,1,1,1,0,1,0,1,0,1,2,0,0,0,0,1,1,2,1,0,8557,0.6645,0.162,0.0582,0.0224,0.0057,7.00E-04,0.0427,0.0417,0.0021,7121,0.7652,0.0977,0.107244995,0.280276817,0.331390508,0.381953028,0.371191136,1,1,0.391,0.609,34259,21189,48660,64,1707,0.4341,23903,23548,30713,30358,8492,8039,7161,4258,3383,Cfa,2.7
106713,Central Baptist College,Conway,AR,72034,www.cbc.edu/,1,1,2,5,13,35.083838,-92.445021,22,11,7,0,0,0,0,0,0,0,0,0,54,0.4,418,520,440,543,469,492,17,22,18,22,17,22,20,20,20,1027,0,0,0,0,1,0,0,0,1,0,0,0,0,0,2,2,0,1,0,0,0,1,0,1,0,0,2,0,0,0,0,0,0,0,1,1,2,1,0,600,0.6867,0.155,0.0567,0.005,0.02,0.0017,0.03,0.0267,0.0183,5304,0.2667,0.2177,0.089201878,0.158371041,0.112068966,0.111607143,0.240458015,1,1,0.53,0.47,33652,22747,50642,0,377.3666667,0.2627,27754,25648,27754,25648,10219,13107,10495,8384,7260,Cfa,2.612666667
106810,Crowley's Ridge College,Paragould,AR,72450,www.crc.edu/,1,1,2,5,41,36.064845,-90.584395,22,10,8,0,0,0,0,0,0,0,0,0,74,0.609757333,462.32,570.8266667,456.9533333,556.66,519.2266667,511.6333333,17.66,22.80666667,16.38666667,22.99333333,16.13333333,21.45333333,20.49333333,19.98666667,18.94,1053.253333,0,0,0,0,0,0,0,0,1,0,0,0,0,0,0,1,0,0,0,0,1,1,0,1,0,0,0,0,0,0,0,0,0,0,0,0,1,0,0,162,0.821,0.1358,0.0123,0.0123,0,0,0,0,0.0185,4005,0.9474,0.0374,0.144773361,0.181818182,0.310810811,0.416666667,0.179104478,1,1,0.5556,0.4444,28886,16739,39232,1,36,0.2222,23810,24810,23810,24810,9632,7773,8775,5869,5543,Cfa,2.562666667
107044,Harding University,Searcy,AR,72149-5615,www.harding.edu/,1,2,2,5,32,35.247386,-91.726143,17,14,14,0,0,0,0,0,0,0,0,0,74,0.6134,540,640,520,630,590,575,21,29,22,32,20,27,25,27,24,1204,0,0,0,0,1,0,1,0,1,1,0,1,1,0,1,1,0,1,1,0,1,1,0,1,1,0,1,1,1,1,0,0,0,0,1,1,1,1,0,3749,0.809,0.0472,0.0384,0.0088,0.0027,0.0016,0.0331,0.0584,8.00E-04,7375,0.7929,0.0429,0.07995365,0.327233584,0.612698413,0.649021864,0.589123867,1,1,0.4556,0.5444,39240,24873,53460,31,937,0.6862,31911,31911,31911,31911,16560,14755,12358,8567,8199,Cfa,2.7
107071,Henderson State University,Arkadelphia,AR,71999-0001,https://www.hsu.edu/,1,1,1,5,32,34.128155,-93.059703,19,13,11,0,0,0,0,0,0,0,0,0,NA,0.7564,480,568,483,558,524,521,19,24,19,25,17,24,22,22,21,1102,0,0,0,0,1,0,1,0,1,1,0,1,1,0,1,1,0,1,1,0,0,1,0,0,1,0,1,1,1,1,0,0,0,1,1,2,1,1,0,2965,0.6405,0.1997,0.059,0.0111,0.0037,0.0074,0.06,0.0101,0.0084,6837,0.9955,0.093,0.114025086,0.247881356,0.299796748,0.344413666,0.295918367,1,1,0.4293,0.5707,32627,20169,44746,18,569,0.3874,25100,27220,26810,28930,10750,10046,9853,9604,8388,Cfa,2.6
107080,Hendrix College,Conway,AR,72032-3080,www.hendrix.edu/,1,1,2,5,13,35.101565,-92.443256,21,14,11,0,0,0,0,0,0,0,0,0,71,0.6996,580,690,570,670,635,620,26,32,25,35,24,29,29,30,27,1324,0,1,0,0,0,0,1,0,0,0,0,1,0,0,1,0,0,1,1,0,1,0,1,0,1,0,1,0,0,1,0,0,0,0,1,1,1,1,0,1104,0.6078,0.0697,0.0661,0.0317,0,0,0.0335,0.0172,0.1739,7474,1,0.0027,0.072627444,0.582089552,0.576576577,0.649769585,0.446721311,1,5,0.4783,0.5217,38321,24435,52515,14,241,0.7074,64060,61192,64060,61192,53329,50315,45606,39894,35546,Cfa,3
107141,John Brown University,Siloam Springs,AR,72761,www.jbu.edu/,1,1,2,5,32,36.189812,-94.560283,19,15,11,0,0,0,0,0,0,0,0,0,NA,0.7577,540,640,520,620,590,570,23,29,23,32,22,27,26,28,25,1237,0,0,0,0,1,0,0,0,1,1,0,1,1,0,1,1,0,1,1,0,1,1,1,1,1,0,1,0,0,1,0,0,0,0,1,1,2,1,0,1447,0.7374,0.0166,0.0781,0.0124,0.0124,0.0014,0.0504,0.0684,0.0228,7083,0.9843,0.108,0.227621483,0.550458716,0.616628176,0.606837607,0.485587583,1,1,0.3974,0.6026,41915,28069,62402,21,482,0.7162,40774,33818,40774,33818,22376,23011,19136,16214,14443,Cfa,3
107512,Ouachita Baptist University,Arkadelphia,AR,71998-0001,www.obu.edu/,1,1,2,5,32,34.126093,-93.052471,22,12,11,0,0,0,0,0,0,0,0,0,75,0.6143,530,630,530,620,580,575,21,28,21,31,19,27,25,26,23,1194,0,1,0,0,1,0,1,0,1,1,0,1,1,0,1,0,0,1,1,0,2,1,1,1,1,0,1,0,0,1,0,0,0,0,1,1,1,1,0,1524,0.8038,0.0722,0.0584,0.0079,0.0039,7.00E-04,0.0282,0.0249,0,6374,1,0.0147,0.082066869,0.566572238,0.552469136,0.566552901,0.587878788,1,1,0.4239,0.5761,38561,26217,51716,9,232,0.631,40200,42280,40200,42280,25548,20711,18405,17147,15919,Cfa,2.7
107558,University of the Ozarks,Clarksville,AR,72830,https://www.ozarks.edu/,1,1,2,5,33,35.476278,-93.467221,22,10,8,0,0,0,0,0,0,0,0,0,66,0.5019,450,510,420,540,480,480,18,23,16,23,17,23,21,20,20,1046,0,1,0,0,1,0,0,0,1,0,0,1,0,0,1,1,0,1,1,0,1,0,1,0,1,0,1,0,0,1,0,0,0,0,1,1,1,1,0,812,0.4384,0.0677,0.1145,0.0086,0.0086,0.0012,0.0382,0.2599,0.0628,6720,0.7353,0.0255,0.060773481,0.335135135,0.4,0.492063492,0.306451613,1,5,0.4914,0.5086,32401,21486,44935,4,88,0.5253,37134.88,37134.88,37134.88,37134.88,23452,22480,21700,16315,15183,Cfa,2.6
107600,Philander Smith College,Little Rock,AR,72202-3799,https://www.philander.edu/,1,1,2,5,12,34.737131,-92.283015,22,10,8,1,0,0,0,0,0,0,0,0,71,0.526773333,450.8266667,546.44,431.9133333,528.9533333,499.9133333,485.6133333,16.94,21.98,15.14,22.16,15.84,20.94666667,19.66,19.12666667,18.50666667,1011.333333,0,0,0,0,0,0,1,0,1,0,0,0,0,0,1,0,0,1,1,0,1,1,1,0,1,0,1,2,1,1,0,0,0,0,0,0,1,0,0,996,0.003,0.9217,0.01,0.001,0.001,0.003,0.0181,0.0341,0.008,5808,1,0.0964,0.06122449,0.179775281,0.258426966,0.36,0.349557522,1,1,0.3614,0.6386,25327,14163,36468,6,100,0.437,26105,31227,26105,31227,12315,12429,12640,8466,12546,Cfa,2.5
107877,Williams Baptist University,Walnut Ridge,AR,72476,https://williamsbaptistuniversity.com/,1,1,2,5,42,36.125676,-90.940277,21,13,8,0,0,0,0,0,0,0,0,0,75,0.5878,440,460,510,530,450,520,18,23,17,23,16,22,21,20,19,1062,0,0,0,0,0,0,1,0,1,0,0,0,0,0,1,1,0,1,0,0,0,1,0,1,0,0,1,2,0,0,0,0,0,0,1,0,1,1,0,512,0.7285,0.1309,0.041,0,0.0039,0.002,0.0215,0.0723,0,5468,1,0.0475,0.105691057,0.296774194,0.428571429,0.365853659,0.261538462,1,1,0.5352,0.4648,32457,21126,42660,5,114,0.391,30716,30740,30716,30740,10819,11900,9897,8591,9158,Cfa,2.5
107983,Southern Arkansas University Main Campus,Magnolia,AR,71753,https://www.saumag.edu/,1,1,1,5,33,33.291618,-93.235922,18,12,14,0,0,0,0,0,0,0,0,0,NA,0.6506,458,600,508,568,529,538,18,24,18,25,17,24,21,22,21,1085,1,0,0,0,1,0,1,0,1,1,0,1,0,0,1,1,0,1,1,0,0,1,0,0,1,0,1,1,1,1,0,0,0,0,1,1,1,1,0,3164,0.6596,0.2405,0.0458,0.0066,0.0044,6.00E-04,0.0218,0.0205,0,6850,0.6641,0.0982,0.222903885,0.331910352,0.405813953,0.423220974,0.359617682,1,1,0.4444,0.5556,32077,19702,46200,29,580,0.4362,23750,25363,28250,29863,9421,9964,7334,6215,4656,Cfa,2.6
108092,University of Arkansas-Fort Smith,Fort Smith,AR,72913-3649,uafs.edu/,1,1,1,5,13,35.384184,-94.373729,22,11,12,0,0,0,0,0,0,0,0,0,NA,0.785634,494.7266667,605.9866667,493.8866667,598.88,552.9666667,548.5733333,19.26666667,25.40666667,18.62,25.40666667,17.89333333,24.75333333,22.36,22.52666667,21.33333333,1121.453333,0,0,0,0,1,0,1,0,1,0,1,1,0,0,1,1,0,1,1,0,0,0,0,0,1,0,1,2,1,1,0,0,0,0,1,1,2,1,0,4883,0.6424,0.0367,0.1378,0.0528,0.0193,0.001,0.0985,0.0115,0,6986,0.672,0.1946,0.098670399,0.206703911,0.292652553,0.310840708,0.285373988,1,1,0.402,0.598,31022,18548,44860,66,1072,0.3495,20879,22817,28151,30089,8553,7999,5153,3313,2744,Cfa,2.5
108232,Academy of Art University,San Francisco,CA,94105,www.academyart.edu/,1,1,3,8,11,37.787943,-122.400578,18,5,12,0,0,0,0,0,0,0,0,0,NA,0.790292,515.94,624.8066667,507,612.08,567.9933333,557.14,19.94666667,26.08,19.65333333,27.14,18.22,25.42666667,23.41333333,23.49333333,22.08666667,1138.946667,0,0,2,0,2,2,2,0,2,0,2,0,2,0,0,0,0,0,0,0,0,0,0,0,0,0,0,0,0,0,0,0,0,0,2,0,2,0,0,6570,0.1511,0.0632,0.1082,0.0528,0.0046,0.0053,0.0283,0.2563,0.3301,8678,0.2086,0.409,0.017735334,0.048013968,0.12168837,0.174892704,0.197245018,1,2,0.4339,0.5661,30780,16135,47794,152,1066,0.4468,46724,45856,46724,45856,12555,7820,3328,5319,2903,Csb,2.7
109086,American Conservatory Theater,San Francisco,CA,94102,www.act-sf.org/,1,1,2,8,11,37.786923,-122.410265,30,0,6,0,0,0,0,0,0,0,0,0,NA,0.587892,516.4933333,627.2733333,511.0533333,612.3066667,573.7466667,558.98,20.11333333,25.64666667,19.4,25.94666667,18.23333333,25,23.11333333,23.17333333,21.92666667,1144.493333,0,0,0,0,0,0,0,0,0,0,0,0,0,0,0,0,0,0,0,0,0,0,0,0,0,0,0,0,0,0,0,0,0,0,0,0,0,0,0,1,1,0,0,0,0,0,0,0,0,10514,1,0.2222,0.315445685,0.511155172,0.589622981,0.594075543,0.549970515,1,3,1,0,50839.02,32475.88667,68523.62667,0,5306.68,0.670032667,47171.4,51332,47171.4,51332,18196.39333,17166.73333,15127.55333,12762.58667,8791.613333,Csb,2.669333333
109350,Antelope Valley College,Lancaster,CA,93536-5426,www.avc.edu/,1,1,1,8,21,34.676207,-118.186166,14,5,12,0,0,0,0,0,1,0,0,0,NA,0.761254,492.5333333,600.46,491.8666667,582.1666667,549.7733333,541.3066667,19.04666667,24.74666667,18.27333333,25.14,17.27333333,23.77333333,21.82,21.75333333,20.92666667,1103.32,0,0,0,0,0,0,0,0,0,0,0,0,0,0,0,0,0,0,0,0,0,0,0,0,0,0,0,0,0,0,0,1,0,0,0,0,0,0,0,12334,0.1567,0.1395,0.5803,0.0353,0.0035,0.0016,0.0439,0.0013,0.0379,8669,0.1913,0.333,0.084289931,0.122435897,0.107293869,0.099473684,0.113402062,1,2,0.423,0.577,27265,13680,42912,77,432,0.2726,13545.01333,14824,18801.01333,20080,8323,8214,5874,3140,1748.133333,Csb,2.7
109651,Art Center College of Design,Pasadena,CA,91103,www.artcenter.edu/,1,1,2,8,12,34.169031,-118.185102,30,13,9,0,0,0,0,0,0,0,0,0,NA,0.7084,537.8666667,641.62,524.64,645.46,590.4266667,588.7,21.62,27.71333333,21.34,28.86666667,20,27.03333333,24.7,24.98666667,23.54666667,1186.893333,0,0,1,0,0,1,1,0,0,0,1,0,0,0,0,0,0,0,0,0,0,0,0,0,0,0,0,0,0,0,0,0,0,0,1,0,0,0,0,2034,0.1244,0.0138,0.0988,0.3328,0.0015,0.0034,0.0349,0.3889,0.0015,7947,0.2543,0.2221,0.043046358,0.28440367,0.560344828,0.724035608,0.691056911,1,3,0.4341,0.5659,52191,23631,84551,54,437,0.6852,68677.87333,68954,68677.87333,68954,22019,21922,21871,15692,8353,Csb,2.9
109785,Azusa Pacific University,Azusa,CA,91702-7000,www.apu.edu/,1,1,2,8,21,34.130047,-117.888375,16,13,14,0,0,0,0,0,0,0,0,0,88,0.6748,520,630,510,630,575,570,20,26,19,27,18,26,23,23,22,1146,0,0,0,1,1,0,1,0,1,1,0,1,0,0,1,1,0,1,1,0,0,1,1,1,1,0,1,1,1,1,0,0,0,0,1,2,1,1,0,5128,0.3569,0.0614,0.3403,0.1,0.0037,0.0094,0.0657,0.0324,0.0302,9007,0.4,0.1898,0.176179775,0.427012278,0.553795994,0.570609003,0.318447634,1,5,0.3422,0.6578,49365,29704,73817,85,2160,0.6796,56826,62552,56826,62552,31938,29845,29662,26149,20648,Csb,2.8
109819,Bakersfield College,Bakersfield,CA,93305-1299,www.bakersfieldcollege.edu/,1,1,1,8,11,35.40911,-118.973753,14,5,15,0,0,0,0,0,1,0,0,0,NA,0.751034667,489.28,596.4533333,490.5066667,577.66,543.36,536.1,18.69333333,24.47333333,18.18666667,24.78,17.17333333,23.76666667,21.41333333,21.64666667,20.96666667,1093.04,0,0,0,0,0,0,0,0,0,0,1,0,0,0,0,0,0,0,0,0,0,0,0,0,0,0,0,0,0,0,0,0,0,0,0,0,0,0,0,19945,0.1782,0.0487,0.6734,0.0391,0.0033,0.001,0.0327,0.0029,0.0208,10430,0.4946,0.288,0.012429644,0.019985196,0.030843043,0.036480687,0.032969584,1,2,0.4435,0.5565,27051,15007,41030,11,131,0.1996,15484.10667,22175,21896.10667,28587,8329,7699,5216,3390,1376.56,BSk,2.6
110060,Bethesda University,Anaheim,CA,92801,www.buc.edu/,1,1,2,8,11,33.842295,-117.941323,24,10,6,0,0,0,0,0,0,0,0,0,99,0.823703333,479.52,584.5933333,480.68,565.34,530.3266667,525.5933333,18.09333333,23.18666667,16.99333333,23.61333333,16.54,22.24666667,20.69333333,19.8,19.44,1063.266667,0,0,0,0,0,0,1,0,2,0,0,0,0,0,0,0,0,0,0,0,0,0,0,2,0,0,0,0,0,0,0,0,0,0,1,0,2,0,0,258,0.0659,0.1202,0.1318,0.1395,0,0,0.0233,0.5194,0,2083,0.1311,0.3953,0.18083635,0.222119155,0.146341463,0.212121212,0.29372369,1,3,0.7016,0.2984,37107,24770,54499,3,24,0.2623,20414.38667,25539,20414.38667,25539,7221,4843,2239,1600,1801.82,Csa,2.612
110097,Biola University,La Mirada,CA,90639-0001,https://www.biola.edu/,1,1,2,8,21,33.906203,-118.014374,17,13,14,0,0,0,0,1,0,0,0,0,88,0.6985,550,660,530,650,605,590,21,28,21,29,19,27,25,25,23,1198,0,1,0,0,1,0,1,0,2,1,0,1,0,0,1,1,0,1,1,0,1,1,1,2,1,0,2,0,0,1,0,0,0,0,1,1,2,1,0,4031,0.4542,0.0275,0.2074,0.1506,0.0027,0.0079,0.0635,0.0501,0.036,7676,0.6093,0.0688,0.100728155,0.466970387,0.624349636,0.660455487,0.674168297,1,1,0.3672,0.6328,42464,24745,60631,41,1076,0.7386,59176,59176,59176,59176,30815,30095,26738,23827,18077,BSk,2.9
110219,Bryan University,Tempe,AZ,85281,bryanuniversity.edu/,1,1,3,6,12,33.437779,-111.944197,26,11,9,0,0,0,0,0,0,0,0,0,NA,0.798771333,487.66,588.36,479.0733333,568.7133333,533.3533333,521.92,18.54666667,23.32666667,17.25333333,23.48666667,16.6,22.74,20.9,20.4,20.16,1070.646667,0,0,0,0,0,0,0,0,0,0,0,0,0,2,0,0,0,0,0,0,0,0,0,0,0,0,0,0,0,0,0,0,0,0,0,2,2,0,0,1115,0.4224,0.2072,0.0709,0.0063,0.0054,0.0036,0.0735,0,0.2108,5128,0.1446,0.8413,0.231168831,0.231404959,0.255039439,0.225378788,0.24437299,1,2,0.3193,0.6807,32320,17498,47609,74,451,0.2011,23795.35333,22558.02667,23795.35333,22558.02667,4799,5144,4354,1109,0,BWh,2.535333333
110316,California Institute of Integral Studies,San Francisco,CA,94103,www.ciis.edu/,1,1,2,8,11,37.774924,-122.416102,17,11,9,0,0,0,0,0,0,0,0,0,NA,0.617929333,517.64,628.4133333,500.3466667,598.1666667,575.6533333,549.46,19.94,25.84666667,19.62666667,26.54,18.09333333,25.13333333,23.20666667,23.40666667,21.68666667,1137.946667,0,0,0,0,0,0,0,0,0,0,0,0,0,0,0,0,0,0,0,0,1,0,0,0,0,0,2,0,0,0,0,0,0,0,0,0,0,0,0,69,0.5942,0.087,0.1739,0.0435,0,0,0.0725,0.0145,0.0145,8549,0.2886,0.8551,0.533333333,0.66,0.583333333,0.786885246,0.8,1,3,0.2609,0.7391,33918,18525,72036,9,68,0.614662,47299.73333,47533.16667,46320.52,46553.95333,18035.24667,16845.01333,15800.02,12350.47333,8904.54,Csb,2.648
110361,California Baptist University,Riverside,CA,92504-3297,www.calbaptist.edu/,1,1,2,8,11,33.929321,-117.425619,18,13,13,0,0,0,0,0,1,0,0,0,75,0.7828,500,610,490,600,555,545,18,24,17,24,17,24,21,21,21,1096,0,1,1,0,2,0,2,0,2,1,1,1,0,0,2,2,0,1,1,0,1,2,2,2,1,0,2,2,2,2,0,0,0,1,2,2,2,1,0,8170,0.3853,0.0638,0.3638,0.0596,0.0062,0.0099,0.0562,0.0225,0.0327,9815,0.4411,0.2156,0.168915775,0.38287037,0.515646894,0.556655121,0.396956246,1,1,0.3756,0.6244,46036,27844,69168,101,1861,0.6298,50228,57208,50228,57208,25984,24545,23006,19976,14425,Csa,2.7
110370,California College of the Arts,San Francisco,CA,94107-2247,www.cca.edu/,1,1,2,8,11,37.767485,-122.399451,30,13,10,0,0,0,0,0,0,0,0,0,NA,0.8503,544.08,644.0333333,521.2133333,635.56,592.4066667,578.06,21.54,27.92,21.28666667,29.2,19.28,26.42666667,25.08,25.44666667,23.1,1189.38,0,0,1,0,0,1,0,0,0,0,0,0,0,0,1,0,0,0,0,0,1,0,0,0,0,0,0,0,0,0,0,0,1,0,1,0,0,0,0,1455,0.1931,0.0405,0.1402,0.1436,0.0096,0.0062,0.0137,0.4344,0.0186,9728,0.2392,0.1221,0.160621762,0.422885572,0.639405204,0.591269841,0.568627451,1,3,0.3567,0.6433,38110,19500,64537,32,323,0.6379,70113,68607,70113,68607,37793,33845,37649,30330,18389,Csb,2.8
110404,California Institute of Technology,Pasadena,CA,91125,www.caltech.edu/,1,1,2,8,12,34.137349,-118.125878,15,14,11,0,0,0,0,0,0,0,0,0,NA,0.0642,740,760,790,800,750,795,35,36,35,36,35,36,36,36,36,1557,0,0,0,0,0,0,1,0,0,1,0,0,0,0,1,0,0,1,1,0,1,0,1,0,1,0,0,0,0,1,0,0,0,0,0,0,1,1,0,938,0.2697,0.0171,0.1716,0.3657,0,0.0011,0.0896,0.0842,0.0011,20595,0.9289,0.0064,0.121191038,0.775862069,0.868659461,0.887481149,0.829201102,1,1,0.5469,0.4531,129420,64270.84,204209,10,151,0.9357,74763,74970,74763,74970,66628,68328,64042,59296,23233,Csb,3.6
110413,California Lutheran University,Thousand Oaks,CA,91360-2787,www.callutheran.edu/,1,1,2,8,12,34.224566,-118.878924,18,13,13,0,0,0,0,0,1,0,0,0,39,0.7142,540,630,530,620,585,575,21,27,21,27,19,27,24,24,23,1168,0,1,0,0,1,0,1,0,0,1,0,1,0,0,1,1,0,1,1,0,1,1,1,1,1,0,1,0,0,1,0,0,0,0,1,0,2,1,0,3077,0.4088,0.037,0.3718,0.0481,0.0016,0.0049,0.0718,0.0299,0.026,10402,1,0.1098,0.2300123,0.582865169,0.691876751,0.698727016,0.630727763,1,1,0.4368,0.5632,49746,31676,68532,37,672,0.6833,64270,65811,64270,65811,40202,39797,35882,31267,24283,Csb,3
110422,California Polytechnic State University-San Luis Obispo,San Luis Obispo,CA,93407,calpoly.edu/,1,1,1,8,23,35.299513,-120.657311,18,14,16,0,0,0,0,1,0,0,0,0,NA,0.2842,620,700,620,740,660,680,26,32,26,34,26,32,29,30,29,1342,1,1,1,1,1,1,1,0,1,1,1,1,1,0,1,1,0,1,1,0,1,1,1,0,1,0,1,0,0,1,0,0,0,0,1,1,1,1,0,20453,0.5364,0.0084,0.1757,0.1365,0.0014,0.0022,0.077,0.0214,0.0411,10598,0.6936,0.0333,0.134712838,0.554624909,0.749815225,0.758301807,0.699272066,1,1,0.518,0.482,66662,43148,93641,127,3679,0.8202,28927,29425,42817,43315,15827,13622,8895,5717,1199,Csb,3.2
110468,Alliant International University-San Diego,San Diego,CA,92131,https://www.alliant.edu/,1,6,3,8,11,32.897056,-117.094398,17,5,9,0,0,0,0,0,0,0,0,0,NA,0.6667,515.0733333,628.3066667,508.12,607.34,571.3733333,555.42,19.90666667,25.68666667,19.56,26.29333333,18.19333333,25.09333333,23.2,23.40666667,21.91333333,1139.893333,0,0,0,0,0,0,0,0,0,0,0,0,1,0,0,0,0,0,0,0,0,0,0,0,0,0,1,1,0,1,0,0,0,0,0,0,1,0,0,327,0.4037,0.0734,0.1927,0.0856,0,0,0.0245,0.1346,0.0856,8695,0.875,0.3962,0.630136986,0.416666667,0.5,0.301886792,0.647058824,1,3,0.4159,0.5841,48168,28853,59328,6,264,0.16,33329.36,37624,33329.36,37624,11548.68,10725.54,9024.46,5472.56,3213.106667,BSk,2.622
110486,California State University-Bakersfield,Bakersfield,CA,93311-1099,www.csub.edu/,1,1,1,8,11,35.350005,-119.104711,18,13,12,0,0,0,0,0,1,0,0,0,NA,0.8071,513.9,612.32,511.76,612.9466667,562.2,564.5866667,19.69333333,25.96,19.38,26.16666667,18.22,25.30666667,23.02,22.88666667,22.05333333,1136.646667,1,1,0,0,1,0,1,0,1,1,0,1,0,0,1,1,0,1,1,0,1,1,1,0,1,0,1,1,1,1,0,0,0,0,1,1,1,1,0,9750,0.1463,0.0461,0.5951,0.0619,0.0043,0.0017,0.0227,0.0433,0.0787,9640,0.4915,0.2186,0.036285603,0.114803625,0.215113783,0.409234948,0.408423115,1,2,0.3772,0.6228,40335,24507,61339,59,844,0.4298,25031,25975,36911,37855,13237,12780,9096,4917,2923,BSh,2.6
110495,California State University-Stanislaus,Turlock,CA,95382-0299,https://www.csustan.edu/,1,1,1,8,23,37.52577,-120.852511,18,13,12,0,0,0,0,0,1,0,0,0,NA,0.8929,523.6066667,623.3666667,518.7,620.8,572.36,568.6833333,20.19333333,26.24666667,19.38666667,26.17333333,18.84,25.88,23.36,23.09333333,22.79333333,1147.92,1,0,0,1,1,0,1,0,1,0,0,1,0,0,1,1,0,1,1,0,1,1,1,0,1,0,1,1,0,1,0,0,0,0,1,2,1,1,0,9686,0.1957,0.0225,0.5639,0.0915,0.0025,0.004,0.0332,0.039,0.0476,9678,0.5115,0.1981,0.271730619,0.374291939,0.534340659,0.628718535,0.503832397,1,2,0.3475,0.6525,44551,27302,61943,131,2375,0.5868,22824,25362,34704,37242,13139,12591,8777,4168,1652,Csa,2.6
110510,California State University-San Bernardino,San Bernardino,CA,92407-2393,www.csusb.edu/,1,1,1,8,12,34.182622,-117.323801,18,11,15,0,0,0,0,0,1,0,0,0,NA,0.6856,460,550,450,540,505,495,15,19,14,19,16,19,17,17,18,985,0,1,0,1,1,0,1,0,1,1,0,1,1,0,1,1,0,1,1,0,1,1,1,0,1,0,1,2,1,1,0,0,0,0,1,1,1,1,0,17963,0.1072,0.0464,0.6719,0.05,0.0017,0.0013,0.0214,0.0665,0.0337,9808,0.4995,0.1966,0.252688172,0.365183246,0.553033812,0.646672145,0.644904911,1,1,0.3928,0.6072,42079,26404,61848,282,4377,0.5498,24859,28027,36739,39907,13236,12444,9389,4702,1063,Csa,2.6
110529,California State Polytechnic University-Pomona,Pomona,CA,91768,www.cpp.edu/,1,1,1,8,21,34.057912,-117.821476,18,13,15,0,0,0,0,1,1,0,0,0,NA,0.5459,500,620,510,650,560,580,19,27,18,27,18,27,23,23,23,1143,1,0,1,1,1,0,1,0,1,1,1,1,1,0,1,1,0,1,1,0,1,1,1,0,1,0,1,0,0,1,0,0,0,0,1,1,1,1,0,26373,0.1497,0.0335,0.4725,0.2152,0.0014,0.0021,0.036,0.0594,0.0303,10766,0.4405,0.1855,0.237615157,0.419338292,0.598230817,0.701421801,0.649834686,1,1,0.5286,0.4714,51735,33387,72978,316,6401,0.6936,28542,25415,40422,37295,13371,12337,7955,4023,1071,Csb,2.9
110538,California State University-Chico,Chico,CA,95929-0150,www.csuchico.edu/,1,1,1,8,12,39.729712,-121.844859,18,13,15,0,0,0,0,0,1,0,0,0,NA,0.7233,500,600,490,590,550,540,18,24,16,23,17,24,21,20,21,1089,1,1,0,1,1,0,1,0,1,1,1,1,0,0,1,2,0,1,1,0,1,1,2,0,1,0,1,1,1,2,0,0,0,0,1,1,1,1,0,16044,0.4313,0.0279,0.3455,0.056,0.005,0.0025,0.0538,0.0265,0.0514,9692,0.5573,0.1362,0.238833913,0.440586001,0.615595826,0.682819383,0.650075988,1,1,0.4689,0.5311,47409,29385,69817,163,4089,0.6736,25994,25788,37874,37668,13628,12312,7772,4444,849,Csa,2.8
110547,California State University-Dominguez Hills,Carson,CA,90747-0005,https://www.csudh.edu/,1,1,1,8,13,33.864766,-118.255917,18,9,15,0,0,0,0,0,1,0,0,0,NA,0.77,515.8066667,619.3133333,516.9266667,617.0666667,567.8533333,564.8633333,19.96666667,26.12,19.44,26.02666667,18.48666667,25.26666667,23.1,23.24,22.18666667,1141.1,0,0,0,1,1,0,1,0,1,0,1,1,0,0,1,1,0,1,1,0,1,1,1,0,1,0,1,1,1,1,0,0,0,0,1,2,2,1,0,15328,0.0541,0.1051,0.6607,0.0745,8.00E-04,0.0025,0.0254,0.0491,0.0277,9761,0.4058,0.331,0.342541436,0.433082271,0.549201009,0.56900068,0.512351946,1,2,0.3753,0.6247,43481,26795,63253,166,3630,0.4445,24533,27303,36413,39183,12496,11836,8044,4047,1400,BSk,2.6
110556,California State University-Fresno,Fresno,CA,93740,www.fresnostate.edu/,1,1,1,8,11,36.811154,-119.744569,17,11,15,0,0,0,0,1,1,0,0,0,NA,0.5794,470,570,470,560,520,515,16,22,15,22,16,22,19,19,19,1030,1,1,0,1,1,0,1,0,1,1,1,1,1,0,1,1,0,1,1,0,1,1,1,0,1,0,1,0,1,1,0,0,0,0,1,1,1,1,0,21156,0.1792,0.0263,0.5455,0.1272,0.004,0.0018,0.0263,0.0551,0.0346,9653,0.5538,0.147,0.224901111,0.316425121,0.494423792,0.590045684,0.58972468,1,1,0.4095,0.5905,42306,26662,61240,268,4763,0.5625,21716,26627,33596,38507,13230,12763,8945,4675,1443,BSk,2.7
110565,California State University-Fullerton,Fullerton,CA,92831-3599,www.fullerton.edu/,1,1,1,8,21,33.881506,-117.885446,18,13,15,0,0,0,0,1,1,0,0,0,NA,0.5269,510,600,520,600,555,560,19,24,17,24,18,25,22,21,22,1113,0,0,0,1,1,0,1,0,1,1,0,1,0,0,1,1,0,1,1,0,0,1,1,0,1,0,1,1,1,2,0,0,0,0,1,1,2,1,0,35087,0.1799,0.0188,0.4581,0.2098,0.0011,0.0018,0.0393,0.0616,0.0295,10392,0.4788,0.1955,0.290289652,0.473383537,0.636264485,0.731540633,0.681790313,1,1,0.4311,0.5689,45657,29559,64185,574,9742,0.6897,28043,28454,39923,40334,13277,11468,8141,4652,948,Csa,2.9
110574,California State University-East Bay,Hayward,CA,94542,www.csueastbay.edu/,1,1,1,8,21,37.657694,-122.054135,18,13,15,0,0,0,0,1,1,0,0,0,NA,0.7618,520.5333333,623.18,515.0466667,623.9066667,569.6466667,570.64,19.98666667,26.16,19.21333333,26.04666667,18.44666667,25.51333333,23.24,22.99333333,22.44,1146.293333,0,1,0,2,1,0,1,0,0,1,0,1,2,0,1,1,0,1,1,0,1,2,1,0,1,0,1,1,1,1,0,0,0,0,1,1,2,1,0,13104,0.148,0.0995,0.3649,0.2266,0.001,0.0102,0.0504,0.0546,0.0448,10382,0.4538,0.3289,0.242742604,0.391180654,0.501832621,0.503967088,0.514563107,1,2,0.3993,0.6007,52563,32528,74486,196,4035,0.497,27248,29330,39128,41210,13459,12604,8447,3785,1119,Csb,2.7
110583,California State University-Long Beach,Long Beach,CA,90840-0115,www.csulb.edu/,1,1,1,8,11,33.782818,-118.11204,18,13,15,0,0,0,0,1,1,0,0,0,NA,0.3927,520,620,520,630,570,575,20,26,19,26,19,26,23,23,23,1146,0,1,0,1,1,0,1,0,1,1,1,1,1,0,1,1,0,1,1,0,1,1,1,0,1,0,1,1,1,1,0,0,0,0,1,1,1,1,0,32900,0.1681,0.0373,0.4436,0.2104,0.0011,0.0027,0.0464,0.064,0.0266,10346,0.4785,0.1767,0.308247277,0.520715096,0.705767077,0.754687742,0.714653345,1,1,0.4369,0.5631,46059,29143,65942,605,9941,0.7351,25258,27230,37138,39110,12875,11644,8432,4695,1059,BSk,2.9
110592,California State University-Los Angeles,Los Angeles,CA,90032-8506,www.calstatela.edu/,1,1,1,8,11,34.066927,-118.168965,18,11,15,0,0,0,0,1,1,0,0,0,NA,0.4781,450,540,440,540,495,490,15,20,14,20,16,19,18,17,18,979,1,0,0,1,1,1,1,0,1,1,1,1,1,0,1,1,0,1,1,0,1,1,1,0,1,0,1,1,1,1,0,0,0,0,1,1,1,1,0,22743,0.0459,0.0314,0.6972,0.1248,8.00E-04,0.001,0.0135,0.0644,0.0209,10216,0.3966,0.2304,0.280569007,0.338364167,0.527672359,0.556405354,0.492602866,1,1,0.4211,0.5789,42517,26698,60696,357,5562,0.5168,28027,28298,39907,40178,13349,12611,9084,5152,1569,Csb,2.7
110608,California State University-Northridge,Northridge,CA,91330,https://www.csun.edu/,1,1,1,8,11,34.240126,-118.529319,18,11,15,0,0,0,0,0,1,0,0,0,NA,0.5934,460,570,450,560,515,505,16,22,15,22,16,22,19,19,19,1019,0,0,0,1,1,0,1,0,1,1,1,1,1,0,1,2,0,1,1,0,1,1,1,0,1,0,1,1,1,1,0,0,0,0,1,1,1,1,0,34713,0.2036,0.0481,0.515,0.0944,0.001,0.001,0.03,0.0712,0.0357,10414,0.4396,0.2097,0.269891008,0.403596404,0.557248488,0.637672375,0.591728814,1,1,0.4527,0.5473,42178,26196,61095,571,9351,0.5524,23645,28505,35525,40385,13356,12418,8518,3955,1040,Csb,2.8
110617,California State University-Sacramento,Sacramento,CA,95819-2694,www.csus.edu/,1,1,1,8,11,38.559415,-121.423549,18,11,15,0,0,0,0,1,1,0,0,0,NA,0.8226,470,570,470,570,520,520,16,22,15,22,16,22,19,19,19,1035,0,1,0,1,1,0,1,0,2,1,1,1,1,0,1,1,0,1,1,0,1,1,1,0,1,0,1,2,1,1,0,0,0,0,1,1,1,1,0,28718,0.2512,0.0604,0.3454,0.1938,0.0021,0.0086,0.0604,0.0342,0.0437,9863,0.4812,0.2211,0.28357153,0.415108452,0.543679491,0.628712871,0.645689655,1,1,0.4454,0.5546,47905,31441,66522,378,7325,0.5484,27130,27404,39010,39284,13354,12350,8760,4361,1251,Csa,2.7
110635,University of California-Berkeley,Berkeley,CA,94720,www.berkeley.edu/,1,1,1,8,12,37.871918,-122.260463,15,15,16,0,0,0,0,0,0,0,0,0,NA,0.1625,650,740,680,790,695,735,31,35,29,35,28,35,33,32,32,1449,0,1,1,1,1,0,1,0,0,1,0,1,0,1,1,1,0,1,1,0,1,0,1,0,1,0,1,0,1,1,0,0,0,0,1,1,1,1,0,31345,0.2396,0.0191,0.1609,0.3553,0.0011,0.0017,0.0586,0.1271,0.0366,17763,0.6757,0.056,0.26216014,0.597049689,0.755131611,0.669618012,0.533029613,1,1,0.4604,0.5396,65914,38343,107102,468,5931,0.926,39376,35253,69130,65007,29460,28722,24771,16451,5348,Csb,3.7
110644,University of California-Davis,Davis,CA,95616-8678,ucdavis.edu/,1,1,1,8,23,38.539667,-121.749567,15,15,15,0,0,0,0,1,0,0,0,0,NA,0.3887,580,680,590,730,630,660,24,32,22,32,23,29,28,27,26,1298,1,1,1,1,1,0,1,0,1,1,0,1,1,0,1,0,0,1,1,0,1,0,1,0,1,0,1,0,0,1,0,0,0,0,1,1,1,1,0,30962,0.2303,0.0212,0.2317,0.2764,0.0015,0.0038,0.0551,0.1675,0.0125,15374,0.8472,0.0541,0.252076562,0.571456967,0.763508512,0.829885946,0.759917355,1,1,0.3928,0.6072,54621,34120,80415,524,7105,0.8667,35935,31097,65689,60851,24910,23983,21174,17130,5018,Csa,3.3
110653,University of California-Irvine,Irvine,CA,92697,www.uci.edu/,1,1,1,8,11,33.648434,-117.841248,15,15,16,0,0,0,0,1,1,0,0,0,NA,0.2654,570,670,600,750,620,675,24,33,22,32,22,31,29,27,27,1306,0,1,1,1,1,0,1,0,1,1,0,1,0,0,1,1,0,1,1,0,1,0,1,0,1,0,1,0,0,1,0,0,0,0,1,1,1,1,0,30367,0.133,0.0199,0.2572,0.3606,7.00E-04,0.0025,0.0442,0.1703,0.0117,16113,0.8182,0.0446,0.205833179,0.611305242,0.743400859,0.772403685,0.723167849,1,1,0.4786,0.5214,52679,32908,75593,505,6213,0.844,35363,33162,65117,62916,23767,22952,19677,13474,3484,Csa,3.3
110662,University of California-Los Angeles,Los Angeles,CA,90095-1405,www.ucla.edu/,1,1,1,8,11,34.07178,-118.442179,15,15,17,0,0,0,0,0,0,0,0,0,NA,0.1232,650,740,650,790,695,720,29,35,28,35,27,34,32,32,31,1429,0,1,1,1,0,0,1,0,1,1,0,1,0,0,1,1,0,1,1,0,1,0,1,0,1,0,1,0,0,1,0,0,0,0,1,1,1,1,0,31537,0.264,0.0337,0.2239,0.2787,0.0023,0.0023,0.0594,0.1104,0.0253,18871,0.7176,0.0418,0.219557196,0.626570546,0.761155888,0.830557269,0.763679449,1,1,0.416,0.584,55427,33606,83189,583,6770,0.915,35793,34132,65547,63886,25813,25112,21285,14776,5621,Csb,3.5
110671,University of California-Riverside,Riverside,CA,92521,www.ucr.edu/,1,1,1,8,11,33.97246,-117.32741,15,15,16,0,0,0,0,1,1,0,0,0,NA,0.5652,570,650,560,680,610,620,23,30,21,29,21,28,27,25,25,1239,0,1,0,1,0,0,1,0,1,1,0,1,0,0,1,1,0,1,1,0,1,0,1,0,1,0,1,0,1,1,0,0,0,0,1,0,1,1,0,22015,0.1149,0.0367,0.4129,0.3417,0.0013,0.0038,0.0397,0.0385,0.0104,14100,0.8728,0.0605,0.120066091,0.515781747,0.696579194,0.661232318,0.694626793,1,1,0.4606,0.5394,45632,28299,65367,321,3791,0.7598,35387,31067,65141,60821,25002,24217,21078,14973,5563,Csa,3
110680,University of California-San Diego,La Jolla,CA,92093,www.ucsd.edu/,1,1,1,8,11,32.877749,-117.235866,15,15,16,0,0,0,0,0,0,0,0,0,NA,0.3148,620,710,630,780,665,705,26,34,25,34,25,33,30,30,29,1375,0,1,1,1,1,0,1,0,1,1,0,1,1,0,1,0,0,1,1,0,1,0,1,0,1,0,1,0,0,1,0,0,0,0,1,1,1,1,0,30789,0.1936,0.0169,0.2181,0.33,8.00E-04,0.0026,0.0486,0.1754,0.0141,16447,0.8472,0.0537,0.209970427,0.656950132,0.804895269,0.819595645,0.754853801,1,1,0.4998,0.5002,56844,35046,83289,511,6249,0.8737,33849,33984,63603,63738,23154,22460,18363,12229,4376,BSk,3.5
110705,University of California-Santa Barbara,Santa Barbara,CA,93106,www.ucsb.edu/,1,1,1,8,22,34.416297,-119.846426,15,15,16,0,0,0,0,1,1,0,0,0,NA,0.2956,620,710,610,770,665,690,27,34,25,34,26,32,31,30,29,1370,0,1,0,1,1,0,1,0,0,1,0,1,0,1,1,1,0,1,1,0,1,0,1,0,1,0,1,0,0,1,0,0,0,0,1,1,1,1,0,23337,0.3003,0.0197,0.2498,0.1729,0.0015,0.0013,0.0842,0.1476,0.0228,16692,0.8694,0.03,0.124711908,0.375100617,0.581941545,0.638672366,0.692702051,1,1,0.4544,0.5456,51496,31726,76449,217,3808,0.8338,36765,34438,66519,64192,26003,24424,20976,14093,5093,Csb,3.3
110714,University of California-Santa Cruz,Santa Cruz,CA,95064-1011,www.ucsc.edu/,1,1,1,8,13,36.995584,-122.058801,15,15,17,0,0,0,0,1,1,0,0,0,NA,0.5131,600,670,600,710,635,655,26,32,24,32,24,29,29,28,27,1306,1,1,0,1,0,0,1,0,1,1,0,1,0,1,1,0,0,1,1,0,1,0,1,0,1,0,1,0,1,1,0,0,0,0,1,0,1,1,0,17517,0.3107,0.0175,0.2629,0.2189,9.00E-04,0.0011,0.0819,0.09,0.0162,15094,0.7595,0.0518,0.156422954,0.542765273,0.673563218,0.701791359,0.721538462,1,1,0.521,0.479,45632,26486,67728,258,3768,0.7502,37297,33734,67051,63488,25243,24322,20862,13376,3395,Csb,3.2
110778,Sofia University,Palo Alto,CA,94303,www.sofia.edu/,1,1,3,8,13,37.430325,-122.10866,26,5,6,0,0,0,0,0,0,0,0,0,NA,0.571512,486.1533333,586.72,474.1,568.56,537.0066667,524.6733333,18.48,23.58,17.22,23.84666667,16.59333333,23,21.06666667,20.78666667,20.15333333,1081.073333,0,0,0,0,0,0,0,0,0,0,0,0,0,0,0,0,0,0,0,0,0,0,0,0,0,0,2,0,0,0,0,0,0,0,0,0,0,0,0,8,0.375,0.125,0.25,0,0,0,0,0.25,0,5322,0.3036,0.7778,0.336086816,0.397492835,0.464804573,0.435094273,0.468135737,1,2,0.125,0.875,35080.5,19989.04667,52274.42667,3,646.5533333,0.543152667,27760.65333,31400.80667,28572.54,32212.69333,8218.064444,7353.084444,6158.537778,4327.104444,4006.657778,Csb,2.577333333
111081,California Institute of the Arts,Valencia,CA,91355-2397,https://www.calarts.edu/,1,1,2,8,21,34.39327,-118.566837,30,14,10,0,0,0,0,0,0,0,0,0,NA,0.2528,570.1866667,669.74,559.4533333,686.3866667,619.56,618.0733333,23.26,29.38666667,23.36666667,31.37333333,21.87333333,27.92666667,26.58,27.52666667,25.15333333,1249.28,0,0,0,0,0,0,1,0,0,0,0,0,0,0,0,0,0,0,0,0,0,0,0,0,0,0,0,0,0,0,0,0,0,0,1,0,0,0,0,1015,0.4059,0.0404,0.134,0.1064,0.0039,0.001,0.0581,0.2079,0.0424,9640,0.5986,0.097,0.149700599,0.614942529,0.632183908,0.617924528,0.7,1,3,0.4463,0.5537,32758,14193,66037,30,218,0.614,73980,77456,73980,77456,27806,28598,25117,18000,14184,Csb,2.9
111188,California State University Maritime Academy,Vallejo,CA,94590-8181,https://www.csum.edu/,1,1,1,8,12,38.069061,-122.231551,22,13,11,0,0,0,0,0,0,0,0,0,NA,0.7621,528.94,637.26,523.8666667,625.1266667,579.74,575.3066667,20.98,26.74666667,20.24666667,26.68,19.64666667,26.34666667,24.16,23.82,23.24,1174.76,0,0,0,0,0,0,0,0,0,1,1,0,0,0,0,0,0,0,0,0,1,0,0,0,0,0,0,0,0,1,0,0,0,1,0,0,1,0,0,911,0.4544,0.0296,0.2239,0.101,0.0066,0.0187,0.1065,0.0077,0.0516,10147,0.7474,0.0878,0.075313808,0.56097561,0.582222222,0.595041322,0.615384615,1,2,0.8299,0.1701,80273,48881,107859,1,287,0.6683,28403,31072,40283,42952,14485,10913,8731,3706,1100,Csb,2.8
111948,Chapman University,Orange,CA,92866,https://www.chapman.edu/,1,1,2,8,12,33.79302,-117.852518,16,14,13,0,0,0,0,0,0,0,0,0,61,0.5565,600,680,590,700,640,645,25,31,25,34,24,28,28,30,26,1296,0,1,0,0,1,1,1,0,1,1,0,1,0,0,1,0,0,1,1,0,1,0,1,0,1,0,1,0,1,1,0,0,0,0,1,1,1,1,0,7294,0.5151,0.0169,0.1612,0.1429,0.0014,0.003,0.0784,0.0388,0.0424,12004,0.9945,0.024,0.135547576,0.678963111,0.762989973,0.747408106,0.719571568,1,1,0.3936,0.6064,53764,33955,76841,75,1358,0.8061,75112,72300,75112,72300,38860,40253,36038,34231,23308,Csa,3.2
111966,Charles R Drew University of Medicine and Science,Los Angeles,CA,90059,www.cdrewu.edu/,1,1,2,8,21,33.925658,-118.242791,26,13,6,0,0,0,0,0,0,0,0,0,NA,0.3164,403,495,410,470,449,440,15.16,20.44666667,13.99333333,20.16,14.72,19.51333333,17.45333333,17.03333333,16.66,889,0,0,0,0,0,0,0,0,0,0,0,0,1,0,0,0,0,1,0,0,0,0,0,0,0,0,0,0,0,0,0,0,0,0,0,1,0,0,0,183,0.0437,0.388,0.3169,0.1093,0,0,0.0601,0.0219,0.0601,8456,0.2727,0.6111,0.535714286,0.845070423,0.746031746,0.484848485,0.610169492,1,5,0.3497,0.6503,65724,44649,94948,10,111,0.75,30811.54,36304,30811.54,36304,17450,12924,12028,24829,7000,BSk,2.623333333
112075,Concordia University-Irvine,Irvine,CA,92612-3203,www.cui.edu/,1,1,2,8,11,33.653665,-117.812305,18,13,14,0,0,0,0,0,0,0,0,0,68,0.7081,490,600,500,610,545,555,18,25,18,25,17,25,22,22,21,1100,0,0,0,0,1,0,0,0,0,0,0,1,0,0,1,2,0,1,1,0,1,1,1,1,1,0,2,0,0,1,0,0,0,0,1,2,2,1,0,1723,0.4829,0.0412,0.253,0.0969,0.0035,0.0029,0.0708,0.0459,0.0029,7371,0.9291,0.1283,0.233393178,0.559454191,0.527001862,0.548780488,0.485454545,1,1,0.3941,0.6059,47319,28007,71346,27,651,0.6327,54370,58440,54370,58440,28495,26267,27001,23090,19473,Csa,2.782
112084,San Diego Christian College,Santee,CA,92071,sdcc.edu/,1,1,2,8,21,32.842404,-116.978112,22,7,7,0,0,0,0,0,1,0,0,0,88,0.5526,470,600,460,570,535,515,17,23,15,23,16,23,20,19,20,1050,0,0,0,0,2,0,0,0,0,0,0,0,2,0,1,1,0,1,0,0,1,1,0,2,0,0,2,1,0,0,0,0,0,2,1,0,2,0,0,469,0.4009,0.1087,0.3305,0.0277,0.0085,0.0085,0.0597,0.0277,0.0277,6852,0.0791,0.332,0.136842105,0.238461538,0.335463259,0.325333333,0.404669261,1,5,0.4733,0.5267,34669,19635,50813,8,125,0.5339,50454,54874,50454,54874,18032,15646,14482,6273,5452,Csa,2.6
112260,Claremont McKenna College,Claremont,CA,91711-6400,www.cmc.edu/,1,1,2,8,21,34.102154,-117.711188,21,14,11,0,0,0,0,0,0,0,0,0,NA,0.103,670,730,690,780,700,735,31,34,32,35,29,34,33,34,32,1449,0,1,0,1,1,0,1,0,0,1,1,1,0,1,1,0,0,1,1,0,1,0,1,0,1,0,1,0,1,1,0,0,0,0,1,0,1,1,0,1335,0.412,0.0442,0.1536,0.1154,7.00E-04,0.0015,0.0652,0.1566,0.0509,11334,0.9111,0.003,0.088922685,0.818897638,0.869565217,0.861483072,0.747663551,1,1,0.5049,0.4951,80781,47793,111675,10,155,0.911,76475,74409,76475,74409,65244,67219,54801,56174,28775,Csb,3.5
112394,Cogswell University of Silicon Valley,San Jose,CA,95134,https://cogswell.edu/,1,1,3,8,11,37.414049,-121.94087,22,9,7,0,0,0,0,0,0,0,0,0,NA,0.4934,519.18,630.6,509,615.3333333,572.74,556.5533333,20.00666667,26.10666667,19.43333333,26.43333333,18.36,25.29333333,23.34666667,23.43333333,22,1148.92,0,0,0,0,0,1,1,0,0,0,1,0,0,0,0,0,0,0,0,0,0,0,0,0,0,0,0,0,0,0,0,0,0,0,1,0,1,0,0,541,0.281,0.0776,0.2181,0.2163,0.0111,0.0018,0.0499,0.024,0.1201,7458,0.3026,0.2325,0.188855782,0.168918919,0.381909548,0.368421053,0.425531915,1,2,0.6821,0.3179,39458,18884,74687,15,140,0.5541,42094,40648,42094,40648,9377,8168,3001,5312,1133,Csb,2.6
112570,Columbia College Hollywood,Tarzana,CA,91356-1411,https://www.columbiacollege.edu/,1,2,2,8,11,34.17972,-118.538793,30,15,6,0,0,0,0,0,0,0,0,0,NA,0.616228667,524.78,633.2466667,512.0666667,619.4866667,577.6866667,562.5333333,21.06,26.96666667,20.48666667,27.37333333,19.07333333,26.10666667,24.11333333,24.52,22.71333333,1167.566667,0,0,0,0,0,0,0,0,0,0,0,0,0,0,0,0,0,0,0,0,0,0,0,0,0,0,0,0,0,0,0,0,0,0,1,0,0,0,0,870,0.3736,0.1782,0.2345,0.0448,0.0103,0.0034,0.0782,0.0345,0.0425,6133,0.1622,0.1759,0.252459016,0.361842105,0.508196721,0.710784314,0.702380952,1,2,0.6103,0.3897,34112,20317,47962,15,195,0.4948,44419.79333,44439,44419.79333,44439,8152,4745,5456,4643,375,Csb,2.739333333
113236,Cypress College,Cypress,CA,90630-5897,www.cypresscollege.edu/,1,1,1,8,21,33.82833,-118.025143,14,5,12,0,0,0,0,1,1,0,0,0,NA,0.751756667,504.92,610.5666667,506.4066667,609.5866667,557.8066667,557.0933333,19.52666667,25.40666667,19.01333333,25.46,18.20666667,24.95333333,22.66,22.85333333,21.82666667,1124.693333,0,0,0,0,0,0,0,1,0,0,0,0,0,0,0,0,0,0,0,0,0,0,0,0,0,0,0,0,0,0,0,0,0,0,0,0,0,0,0,14390,0.1502,0.0423,0.4855,0.2321,0.0019,0.0038,0.0361,0.0118,0.0362,11560,0.3778,0.3102,0.047034943,0.041223969,0.072363356,0.116071429,0.104823395,1,2,0.4381,0.5619,32944,19096,49620,18,182,0.334,16841.69333,25734,22577.69333,31470,8479,8167,5383,3647,343,BSk,2.7
113537,Dell'Arte International School of Physical Theatre,Blue Lake,CA,95525-0816,www.dellarte.com/school,1,1,2,8,41,40.880924,-123.988808,30,11,6,0,0,0,0,0,0,0,0,0,NA,0.568876667,500.4333333,607.5666667,493.0333333,595.32,555.2733333,540.7066667,19.18,24.73333333,18.53333333,24.92666667,17.45333333,23.94,22.08,21.86,20.88666667,1115.486667,0,0,0,0,0,0,0,0,0,0,0,0,0,0,0,0,0,0,0,0,0,0,0,0,0,0,0,0,0,0,0,0,0,0,0,0,0,0,0,18,0.6111,0,0,0,0,0,0.0556,0.2778,0.0556,3115,0.616616667,0.5,0.325849537,0.476694922,0.525262709,0.542713462,0.507548934,1,3,0.2222,0.7778,35543.85333,21440.24667,53443.42,1,339.08,1,24951.33556,24217,24951.33556,24217,10853.43333,10516.98667,8990.826667,6257.793333,4135.626667,Csb,2.597333333
113582,Design Institute of San Diego,San Diego,CA,92121,www.disd.edu/,1,1,3,8,11,32.880926,-117.167374,30,9,6,0,0,0,0,0,0,0,0,0,NA,0.8667,507.54,622.3666667,498.1933333,594.48,566.6666667,548.8733333,19.75333333,25.36,19.49333333,26,17.9,24.54,22.80666667,23.01333333,21.22666667,1125.286667,0,0,0,0,0,0,0,0,0,0,0,0,0,0,0,0,0,0,0,0,0,0,0,0,0,0,0,0,0,0,0,0,0,0,1,0,0,0,0,121,0.5124,0.0744,0.2149,0.0744,0.0083,0.0165,0.0331,0.0661,0,5156,0.361413333,0.5289,0.313435821,0.342105263,0.435463018,0.320754717,0.431034483,1,3,0.0992,0.9008,42824,22610,56703,2,38,0.5556,43292.60667,46843,43292.60667,46843,9009,17387,8900.74,5224.333333,0,BSk,2.606
113698,Dominican University of California,San Rafael,CA,94901-2298,https://www.dominican.edu/,1,1,2,8,13,37.981279,-122.512051,19,13,10,0,0,0,0,0,0,0,0,0,NA,0.9134,520,610,510,610,565,560,20,25,19,24,19,25,23,22,22,1127,0,0,0,0,1,0,0,0,1,0,0,0,0,0,1,1,0,1,0,0,1,0,0,0,1,0,1,0,0,1,0,0,0,0,1,1,1,1,0,1444,0.2895,0.0492,0.2555,0.2735,0.0028,0.0048,0.0575,0.0159,0.0512,9020,0.3092,0.1315,0.109215017,0.598615917,0.659163987,0.698005698,0.66509434,1,1,0.3102,0.6898,63540,39087,103428,16,388,0.7036,67943,69269,67943,69269,36971,38539,35076,32074,25214,Csb,2.8
114354,FIDM-Fashion Institute of Design & Merchandising-Los Angeles,Los Angeles,CA,90015-1421,www.fidm.edu/,1,4,3,8,11,34.044209,-118.25993,30,15,9,0,0,0,0,0,0,0,0,0,NA,0.3624,538.8733333,636.18,519.62,628.9,587.9733333,575.66,21.26,27.16666667,21.02666667,28.56666667,19.28,26.29333333,24.27333333,24.56666667,22.9,1177.726667,0,0,0,0,0,0,0,0,0,0,0,0,1,0,0,0,0,0,0,0,0,0,0,0,0,0,0,0,0,0,0,0,0,0,1,0,2,0,0,2195,0.3257,0.0711,0.2164,0.1057,0.0082,0.0087,0.0082,0.2009,0.0551,3993,0.1,0.1554,0.633952255,0.728506787,0.72962963,0.693677103,0.609110629,1,2,0.1704,0.8296,39776,23393,58198,101,1245,0.7145,55019.42667,55591,55019.42667,55591,12037,10336,6420,3674,3060,Csb,2.6
114433,Feather River Community College District,Quincy,CA,95971-9124,www.frc.edu/,1,1,1,8,41,39.953101,-120.973067,14,5,9,0,0,0,0,0,0,0,0,0,NA,0.777474,486.36,604.72,490.6333333,584.1733333,545.92,534.3866667,18.78,24.48666667,18.08666667,24.78,17.13333333,23.88,21.79333333,21.65333333,20.86666667,1091.086667,1,0,0,0,0,0,0,0,0,0,0,0,0,0,0,0,0,0,0,0,0,0,0,0,0,0,0,0,0,0,0,0,0,0,0,0,0,0,0,1251,0.4956,0.1495,0.2278,0.032,0.0296,0.02,0.0024,0.0056,0.0376,8955,0.1826,0.5107,0.205882353,0.246861925,0.222996516,0.187878788,0.134715026,1,2,0.5659,0.4341,28983,16379,43444,4,47,0.2709,16414,22512,24394,30492,8531,10909,4362,1535,1610,Csb,2.6
114716,Foothill College,Los Altos Hills,CA,94022,https://foothill.edu/,1,1,1,8,21,37.361655,-122.127964,14,5,12,0,0,0,0,0,0,0,0,0,NA,0.735970667,514.4,623.96,517.7,612.0466667,568.2866667,564.0333333,19.82,25.89333333,19.20666667,26.04666667,18.46666667,25.38666667,22.93333333,22.91333333,22.32,1138.413333,0,0,0,0,0,0,0,0,0,0,0,0,0,0,0,0,0,0,0,0,0,0,0,0,0,0,0,0,0,0,0,0,0,0,0,1,0,0,0,13263,0.301,0.0348,0.2882,0.2355,0.0024,0.0085,0.0501,0.0562,0.0234,10207,0.304,0.4318,0.126198705,0.171301233,0.049945711,0.063101604,0.068003487,1,2,0.5313,0.4687,45865,24115,71649,0,51,0.6087,19829.02667,24612,27794.02667,32577,9336,8613,5597,2513,0,Csb,2.8
114813,Fresno Pacific University,Fresno,CA,93702-4709,www.fresno.edu/,1,1,2,8,11,36.726831,-119.735199,18,13,12,0,0,0,0,0,1,0,0,0,43,0.6608,470,580,460,570,525,515,16,24,15,22,16,23,20,19,20,1042,0,1,0,1,1,0,0,0,1,0,1,1,2,1,1,1,0,1,1,0,1,1,1,1,1,0,1,1,1,1,0,0,0,0,1,1,2,1,0,2872,0.2549,0.0522,0.5634,0.0421,0.0094,0.001,0.0042,0.016,0.0568,7517,0.876,0.5579,0.353965184,0.489841986,0.550837989,0.451612903,0.394572025,1,1,0.2625,0.7375,42603,25620,60638,43,714,0.673,47196,54784,47196,54784,32370,29434,26157,23452,18553,BSk,2.7
115083,Golden Gate University-San Francisco,San Francisco,CA,94105-2968,www.ggu.edu/,1,3,2,8,11,37.789374,-122.398969,18,5,9,0,0,0,0,0,0,0,0,0,NA,0.798603333,509.4266667,616.0533333,510.5533333,610.0266667,560,559.2733333,19.76,25.36,19.06,25.23333333,18.26666667,24.64666667,22.76,22.48,21.64666667,1125.593333,0,0,0,0,0,0,2,0,0,0,0,0,0,0,0,0,0,0,0,0,0,0,0,0,0,0,0,0,0,0,0,0,0,0,0,0,2,0,0,487,0.2854,0.1294,0.2218,0.1273,0.0103,0.037,0.0185,0.0123,0.1581,11339,1,0.9217,0.245762712,0.303030303,0.408695652,0.426751592,0.439252336,1,2,0.6735,0.3265,75134,42156,104973,11,221,0.414389333,39529.56667,41222.08,39674.36667,41366.88,11264.04667,10373.80667,8229.38,5939.826667,3968.193333,Csb,2.606666667
115409,Harvey Mudd College,Claremont,CA,91711,https://www.hmc.edu/,1,1,2,8,21,34.106515,-117.709837,21,14,8,0,0,0,0,0,0,0,0,0,NA,0.1367,710,770,780,800,740,790,33,35,35,36,34,36,34,36,35,1526,0,0,0,0,0,0,1,0,0,1,0,1,0,1,0,0,0,1,1,0,1,0,1,0,1,0,0,0,0,1,0,0,0,0,1,0,0,0,0,893,0.3068,0.0403,0.196,0.1971,0.0022,0.0056,0.1064,0.0806,0.0649,14397,0.8992,0.0011,0.120420751,0.851851852,0.86407767,0.883011334,0.822569092,1,1,0.5028,0.4972,112059,72609,175406,6,133,0.9167,79539,76722.45333,79539,76722.45333,60459,53719,62743,52155,26144,Csb,3.5
115728,Holy Names University,Oakland,CA,94619-1699,www.hnu.edu/,1,1,2,8,11,37.802276,-122.187804,19,11,8,0,0,0,0,1,1,0,0,0,30,0.6325,280,330,440,550,305,495,18,21,18,22,17,22,20,20,20,851,0,0,0,1,1,0,1,0,0,0,0,1,1,0,1,1,0,1,0,0,1,1,1,1,0,0,1,0,1,1,0,0,0,0,1,1,1,1,0,668,0.1512,0.1707,0.4012,0.1093,0.003,0.0105,0.0434,0.0299,0.0808,8173,0.2727,0.148,0.124223602,0.471794872,0.382513661,0.476666667,0.442748092,1,1,0.3593,0.6407,56544,34636,95299,5,166,0.4824,59385,62431,59385,62431,38461,37315,34433,27966,24698,Csb,2.6
115755,Humboldt State University,Arcata,CA,95521-8299,www.humboldt.edu/,1,1,1,8,33,40.877481,-124.078293,19,13,13,0,0,0,0,0,1,0,0,0,NA,0.9217,490,610,480,590,550,535,17,25,16,25,17,24,21,21,21,1085,1,1,0,1,1,0,1,0,1,1,0,1,0,0,1,1,0,1,1,0,2,1,1,0,1,0,1,0,1,1,0,0,0,0,1,1,1,1,0,6559,0.437,0.0332,0.3465,0.0276,0.0119,0.0032,0.0672,0.0116,0.0617,9828,0.5626,0.2053,0.236015702,0.368588289,0.503317536,0.580291971,0.524625268,1,1,0.4257,0.5743,34180,21002,49783,141,2162,0.4903,25344,25344,37224,37224,13234,11722,8774,4327,1095,Csb,2.8
115773,Humphreys University-Stockton and Modesto Campuses,Stockton,CA,95207-3896,www.humphreys.edu/,1,2,2,8,11,38.011489,-121.316918,22,7,6,0,0,0,0,1,1,0,0,0,NA,0.791308,483.8733333,587.5066667,472.6733333,566.3866667,533.22,524.8533333,18.3,23.71333333,16.87333333,23.88666667,16.49333333,23.09333333,20.86,20.47333333,20.16,1069.233333,0,0,0,0,0,0,0,0,1,0,0,0,0,2,0,1,0,0,0,0,0,0,0,0,0,0,0,1,0,1,0,0,0,0,0,0,1,0,0,309,0.1909,0.0841,0.3107,0.0841,0.0032,0.0324,0.0065,0.1715,0.1165,5550,0.1705,0.6149,0.158878505,0.298507463,0.26119403,0.20295203,0.262529833,1,2,0.2718,0.7282,31020,17089,46174,13,116,0.4375,29714.40667,36909,29714.40667,36909,15339,14660,10281,8280.773333,6676.433333,Csa,2.554
116226,Interior Designers Institute,Newport Beach,CA,92660,https://www.idi.edu/,1,1,3,8,13,33.641393,-117.865722,30,5,6,0,0,0,0,0,0,0,0,0,NA,0.585698667,512.8666667,620.4066667,503.4333333,599.2,569.4533333,552.64,19.94666667,25.52,19.69333333,26.07333333,17.94,24.74666667,22.78666667,22.86,21.65333333,1126.666667,0,0,0,0,0,0,0,0,0,0,0,0,0,0,0,0,0,0,0,0,0,0,0,0,0,0,0,0,0,0,0,0,0,0,1,0,0,0,0,139,0.5827,0.0288,0.1151,0.1727,0.0072,0,0.0576,0.036,0,8367,0.386241333,0.6906,0.341266841,0.395348837,0.606060606,0.392857143,0.660377358,1,3,0.036,0.964,46708,27068,61153,7,28,0.514691333,36648.68,40118,36648.68,40118,3810,4288.66,427,-1337.12,-2707.606667,Csa,2.614
116846,American Jewish University,Los Angeles,CA,90077-1519,www.aju.edu/,1,1,2,8,11,34.128153,-118.471706,21,11,8,0,0,0,0,0,0,0,0,0,80,0.672225333,497.8466667,605.5466667,493.1333333,593.94,551.4533333,544.1333333,19.27333333,24.63333333,18.29333333,25.28666667,17.56,24.22666667,22.26666667,22.06666667,20.87333333,1107.42,0,0,0,0,0,0,0,0,0,0,0,0,0,0,1,1,0,1,0,0,0,0,1,0,0,0,1,0,0,1,0,0,0,0,0,0,1,0,0,33,0.5758,0,0,0,0,0,0,0,0.4242,3906,1,0.4242,0.23511366,0.422420774,0.5,0.481481481,0.48429996,1,3,0.303,0.697,36715.95333,21686.52667,53661.8,2,18,1,35474.14667,37347.50667,35883.7,37757.06,15769.19333,15578.06,14520.59333,11172.62,10227.20667,Csb,2.646
117104,Life Pacific University,San Dimas,CA,91773-3298,https://www.lifepacific.edu/,1,2,2,8,21,34.098705,-117.829388,22,11,8,0,0,0,0,0,1,0,0,0,79,0.9137,460,572,430,540,516,485,15,19,13,20,15,18,17,17,17,991,0,0,0,0,1,0,0,0,0,0,0,0,0,0,0,0,0,0,0,0,1,0,0,2,0,0,0,0,0,0,0,0,0,0,0,0,1,0,0,451,0.3969,0.0421,0.408,0.0222,0.0067,0.0022,0.0599,0.0044,0.0576,6382,0.2632,0.1656,0.184713376,0.38121547,0.491891892,0.455172414,0.409448819,1,1,0.4435,0.5565,32294,23477,45820,2,138,0.4545,31180,38921,31180,38921,9595,9755,10054,6553,3694,Csb,2.596666667
117140,University of La Verne,La Verne,CA,91750-4401,www.laverne.edu/,1,1,2,8,21,34.100855,-117.773262,17,9,12,0,0,0,0,0,1,0,0,0,NA,0.5482,520,600,520,590,560,555,19,24,18,25,17,23,22,22,20,1113,0,1,0,1,1,0,1,0,1,0,0,1,1,1,1,1,0,1,1,0,1,0,1,0,1,0,1,0,1,1,0,0,0,0,1,1,2,1,0,4516,0.2033,0.0569,0.5565,0.0465,0.0033,0.0042,0.041,0.0421,0.0463,9494,0.3591,0.422,0.244759973,0.474318326,0.504820937,0.575757576,0.463897764,1,5,0.4101,0.5899,48057,30226,67254,61,1139,0.7325,64050,66950,64050,66950,36717,34587,33411,30104,23402,Csb,2.9
117168,Laguna College of Art and Design,Laguna Beach,CA,92651,www.lcad.edu/,1,1,2,8,41,33.561448,-117.772564,30,15,6,0,0,0,0,1,0,0,0,0,NA,0.8097,531.7333333,637.24,512.2733333,617.8066667,578.8866667,562.1533333,20.96666667,27.04666667,20.76,27.50666667,18.86,26.02666667,24.15333333,24.21333333,22.75333333,1169.12,0,0,0,0,0,1,0,0,0,0,0,0,0,0,1,0,0,0,0,0,0,0,0,0,0,0,0,0,0,0,0,0,0,0,1,0,0,0,0,784,0.4821,0.0242,0.2156,0.1658,0.0077,0.0051,0.051,0.0421,0.0064,9183,0.2489,0.1977,0.210697113,0.375,0.433566434,0.654135338,0.55,1,2,0.2793,0.7207,34650,16512,51540,12,124,0.5672,54499,53929,54499,53929,14431,6000,8500,8167,7259.54,Csa,2.8
117557,Lincoln University,Oakland,CA,94612-2801,www.lincolnuca.edu/,1,1,2,8,11,37.804788,-122.269745,29,6,6,0,0,0,0,0,0,0,0,0,NA,0.590028,499.2533333,606.8133333,501.9733333,592.3266667,555.3733333,545.76,19.12,24.45333333,18.40666667,24.88666667,17.51333333,23.71333333,21.92666667,21.66666667,21.10666667,1113.106667,0,0,0,0,0,0,0,0,0,0,0,0,0,0,0,0,0,0,0,0,0,0,0,0,0,0,0,0,0,0,0,0,0,0,0,1,1,0,0,95,0.1053,0.0737,0.0316,0.1579,0,0,0.0737,0.5579,0,5157,0.6667,0.4842,0.303064008,0.416958127,0.468480477,0.477090975,0.48604489,1,3,0.4526,0.5474,51432,26715,84734,6,24,0.7778,23855.1,22280,23855.1,22280,7996.393333,7680.22,5746.48,3087.366667,1510.693333,Csb,2.597333333
117575,Southern California Seminary,El Cajon,CA,92019-1108,www.socalsem.edu/,1,1,2,8,21,32.799614,-116.905461,24,5,6,0,0,0,0,0,0,0,0,0,54,0.811884,484.0466667,593.9,477.9466667,567.9933333,539.9466667,524.12,18.09333333,23.41333333,16.66666667,23.56,16.28666667,22.62666667,20.76666667,20.28666667,19.76,1070.526667,0,0,0,0,0,0,0,0,0,0,0,0,0,0,0,0,0,0,0,0,0,0,0,2,0,0,0,0,0,0,0,0,0,0,0,0,0,0,0,43,0.5581,0.1395,0.186,0.0233,0,0.0233,0.0698,0,0,4364,0.3548,0.8605,0.240415972,0.296525309,0.323077744,0.36553627,0.361398047,1,2,0.6744,0.3256,35384.06,20540.17333,51553.21333,0,437.2666667,0,35259,39213,35259,39213,8427.413333,7340.553333,2229,4011.693333,3024.32,Csa,2.61
117627,La Sierra University,Riverside,CA,92505-8247,https://lasierra.edu/,1,1,2,8,11,33.910704,-117.500054,19,11,10,0,0,0,0,1,1,0,0,0,95,0.552,460,580,450,570,520,510,16,24,13,26,16,24,20,20,20,1034,0,0,0,0,1,0,1,0,1,0,0,1,0,0,1,1,0,1,1,0,1,1,1,1,1,0,1,1,1,1,0,0,0,0,1,1,1,1,0,1592,0.1149,0.0729,0.5057,0.1639,0.0038,0.0082,0.0371,0.093,6.00E-04,8123,0.3309,0.0985,0.109913793,0.241681261,0.344155844,0.336231884,0.292436975,1,1,0.3926,0.6074,40563,24948,67748,31,287,0.4724,47883,56256,47883,56256,25028,25178,22420,21090,15570,Csa,2.6
117636,Loma Linda University,Loma Linda,CA,92350,www.llu.edu/index.html,1,1,2,8,21,34.051241,-117.260605,25,11,13,0,0,0,0,1,1,0,0,0,95,0.560509333,532.6533333,628.4866667,516.6333333,626.72,583.6266667,572.4466667,21.34,27.15333333,20.5,27.21333333,19.58,26.42666667,24.19333333,24.23333333,23.32,1169.493333,0,1,0,0,0,0,0,0,0,0,0,0,0,0,0,0,0,0,0,0,0,0,0,0,1,0,0,0,0,0,0,0,0,0,0,2,0,0,0,1058,0.2722,0.0539,0.3478,0.2429,0.0019,0.0019,0.051,0.0284,0,8183,0.9294,0.5419,0.637532134,0.799435028,0.816939891,0.876574307,0.865060241,1,3,0.2817,0.7183,78124,51933,99314,12,660,0.765257333,54060.43333,55274.98667,56269.67333,57484.22667,27062,25352.14667,23607.82667,19618.74667,12958.32667,Csa,2.6
117672,Southern California University of Health Sciences,Whittier,CA,90604,www.scuhs.edu/,1,1,2,8,21,33.922966,-117.983401,26,10,6,0,0,0,0,0,0,0,0,0,NA,0.501881333,487.5333333,600.1533333,475.0066667,571.0066667,545.0066667,522.52,18.57333333,23.77333333,17.5,24,16.68,22.94666667,21.5,21.01333333,20.14666667,1085.673333,0,0,0,0,0,0,0,0,0,0,0,0,0,0,0,0,0,1,0,0,0,0,0,0,0,0,0,0,0,0,0,0,0,0,0,0,0,0,0,162,0.179,0.0556,0.216,0.0988,0.0309,0.0123,0.0247,0,0.3827,7096,0.2781,0.7105,0.4,0.743589744,0.586998086,0.592932,0.561825319,1,3,0.216,0.784,49207,22474,93853,2,30,0.589677333,22467.36667,19390,22467.36667,19390,2117,3707.633333,2017.406667,-313.0933333,-2002.273333,Csa,2.587333333
117751,The Master's University and Seminary,Santa Clarita,CA,91321-1200,www.masters.edu/,1,1,2,8,21,34.381755,-118.518193,19,13,11,0,0,0,0,0,0,0,0,0,42,0.6712,522.0533333,628.7133333,512.3333333,618.9933333,571.9866667,566.18,20.15333333,26.31333333,19.50666667,26.33333333,18.64333333,25.88,23.42666667,22.96666667,22.37333333,1148.12,0,0,0,0,1,0,1,0,0,1,0,0,1,0,1,1,0,1,1,0,1,1,1,2,1,0,0,0,0,1,0,0,0,0,1,0,2,1,0,1134,0.6437,0.0362,0.0891,0.0326,0.0026,0.0044,0.1014,0.0168,0.0732,8341,0.2672,0.2391,0.111913357,0.461538462,0.561461794,0.597972973,0.535603715,1,5,0.5317,0.4683,42489,24594,62149,14,290,0.6968,41376,46402,41376,46402,17513,14801,15598,10095,6902,Csb,2.8
117946,Loyola Marymount University,Los Angeles,CA,90045-2659,https://www.lmu.edu/,1,1,2,8,11,33.97085,-118.415744,16,15,14,0,0,0,0,0,0,0,0,0,30,0.4384,620,700,610,710,660,660,27,31,27,34,25,30,29,31,28,1331,0,1,0,1,1,1,1,0,0,1,0,1,0,0,1,1,0,1,1,0,1,0,1,1,1,0,1,0,0,1,0,0,0,0,1,0,1,1,0,6638,0.4301,0.0676,0.2267,0.0969,5.00E-04,0.0018,0.0687,0.1077,0,12054,0.5546,0.0266,0.203094778,0.636449481,0.740092166,0.792284866,0.774340309,1,1,0.4518,0.5482,56826,35430,80971,79,1473,0.799,70446,73012,70446,73012,34650,31851,32733,26053,17748,BSk,3.2
118541,Marymount California University,Rancho Palos Verdes,CA,90275-6299,www.marymountcalifornia.edu/,1,3,2,8,21,33.734887,-118.333371,21,11,7,0,0,0,0,0,1,0,0,0,30,0.77115,516.2533333,625.2333333,503.9,601.8533333,569.8933333,552.0866667,19.9,25.77333333,19.49333333,26.46,18.04,25.06,23.07333333,23.24,21.93333333,1132.72,0,0,0,0,1,0,0,0,0,0,0,0,0,0,0,1,0,1,0,0,0,0,0,0,0,0,1,1,0,0,0,0,0,0,1,0,1,0,0,602,0.211,0.0698,0.4385,0.0482,0.0017,0.0033,0.0565,0.1445,0.0266,7818,0.6739,0.0581,0.182608696,0.311023622,0.447761194,0.470588235,0.336538462,1,3,0.5017,0.4983,36115,20908,53816,10,114,0.3264,55542,53014,55542,53014,23569,25973,18688,18707,14240,BSk,2.6
118693,Menlo College,Atherton,CA,94027-4301,www.menlo.edu/,1,1,2,8,21,37.453475,-122.190797,29,13,8,0,0,0,0,1,1,0,0,0,NA,0.6272,523.24,629.9933333,511.86,616.04,574.1133333,565.3933333,20.29333333,26.3,19.32,26.17333333,18.23333333,25.61333333,23.37333333,23.02,22.4,1148.033333,0,0,0,0,0,0,0,0,0,0,0,0,0,0,0,0,0,0,0,0,0,0,0,0,0,0,1,0,0,0,0,0,0,0,0,0,1,0,0,833,0.2101,0.0732,0.2641,0.0732,0.0036,0.0384,0.066,0.2449,0.0264,11615,0.2212,0.1029,0.17679558,0.51744186,0.548387097,0.511111111,0.505617978,1,3,0.5462,0.4538,54374,30770,80753,6,193,0.5766,62395,64871,62395,64871,35102,41481,40126,33902,24016,Csb,2.7
118888,Mills College,Oakland,CA,94613,https://www.mills.edu/,1,1,2,8,11,37.781425,-122.182294,19,11,11,0,0,0,0,0,0,0,0,1,NA,0.7585,505,675,500,615,590,558,19,29,21,32,18,25,24,27,22,1162,0,1,0,1,1,0,1,0,1,0,0,1,1,0,1,1,0,1,1,0,1,0,1,0,1,0,1,0,1,1,0,0,0,0,1,0,1,1,0,699,0.3662,0.0987,0.329,0.0844,0.0057,0,0.1059,0.0043,0.0057,9429,0.4911,0.1923,0.122137405,0.257777778,0.505300353,0.604105572,0.621019108,1,5,0.0014,0.9986,47240,25662,67307,9,160,0.5668,48839,50549,48839,50549,30744,27193,24832,18275,9236,Csb,2.9
118912,MiraCosta College,Oceanside,CA,92056-3899,www.miracosta.edu/,1,2,1,8,21,33.190483,-117.302606,14,5,12,0,0,0,0,0,1,0,0,0,NA,0.741212667,507.1133333,613.8533333,508.9533333,609.04,560.4866667,557.4333333,19.68666667,25.64666667,19.11333333,26.12,18.16,25.1,22.89333333,22.92666667,21.93333333,1130.633333,0,0,0,0,0,0,0,0,0,0,0,0,0,0,0,0,0,0,0,0,0,0,0,0,0,1,0,0,0,0,0,0,0,0,0,0,0,0,0,12227,0.3788,0.0318,0.3892,0.0668,0.0049,0.0061,0.0685,0.0127,0.0413,12908,0.2527,0.3696,0.014442013,0.04480571,0.114276026,0.219665272,0.158127208,1,2,0.4148,0.5852,33202,20577,49404,24,122,0.3296,17465.63333,23484,23825.63333,29844,8345,7613,4890,3477,-2038.426667,Csa,2.6
118976,Modesto Junior College,Modesto,CA,95350-5800,www.mjc.edu/,1,1,1,8,12,37.651056,-121.009792,14,5,12,0,0,0,0,0,0,0,0,0,NA,0.733106,493.1533333,597.66,496.6866667,593.8133333,549.12,546.9,19.14666667,24.63333333,18.51333333,25.13333333,17.41333333,24.1,21.94,22.08666667,20.98,1112.346667,0,0,0,0,0,0,0,0,0,0,0,0,0,0,0,0,0,0,0,0,0,0,0,0,0,0,0,0,0,0,0,0,0,0,0,1,0,0,0,17013,0.3315,0.0327,0.5341,0.064,0.0065,0.0119,9.00E-04,0.0018,0.0166,9900,0.4271,0.3187,0.032160194,0.043238537,0.055434783,0.060667634,0.076923077,1,2,0.3995,0.6005,30973,16461,47406,23,195,0.2182,16380.52,23434,22740.52,29794,8216,8018,5694,3303,2541,Csa,2.6
119058,Middlebury Institute of International Studies at Monterey,Monterey,CA,93940,www.middlebury.edu/institute/,0,2,2,8,22,36.599736,-121.897325,18,11,6,0,0,0,0,0,0,0,0,0,NA,0.482548,579.14,668.0266667,567.3133333,677.2333333,625.16,621.7,23.73333333,29.47333333,23.37333333,31.36666667,22.78,27.95333333,27.04666667,27.60666667,25.68666667,1253.286667,0,0,0,0,0,0,0,0,0,0,0,0,0,0,0,0,0,0,0,0,0,0,0,0,0,0,0,0,0,1,0,0,0,0,0,0,0,0,0,8,0.5,0,0.125,0,0,0,0.25,0.125,0,10132,0.8571,0.875,0.143884892,0.779264214,0.887755102,0.893536122,0.782178218,1,1,0.25,0.75,47424,27301,79483,35,518,0.794906667,63920.27333,62800.30667,65015.47333,63895.50667,37958.60667,35632.16,33807.88667,30237.26,21444.37333,Csb,3.072
119173,Mount Saint Mary's University,Los Angeles,CA,90049-1599,https://www.msmu.edu/,1,2,2,8,11,34.085315,-118.482879,18,7,10,0,0,0,0,1,1,0,0,1,30,0.8965,470,590,450,580,530,515,17,22,15.64666667,23.32666667,16.19333333,22.52666667,20,19.44,19.54666667,1044,0,0,0,1,1,0,0,0,1,0,0,1,1,0,1,2,0,1,1,0,2,0,1,0,1,0,1,0,1,2,0,0,0,0,1,1,2,1,0,2227,0.0822,0.0718,0.5941,0.1495,0.0031,0.0058,0.0175,4.00E-04,0.0754,8904,0.2958,0.2493,0.27607362,0.466992665,0.585768742,0.644472362,0.611721612,1,1,0.0665,0.9335,57246,35557,95338,30,833,0.6498,63195,64692,63195,64692,29168,28899,29395,25805,19923,Csb,2.7
