unitId,city,zipCode,dateTime,totalSunHours,totalSnowHours,totalRainHours
100654,Normal,35762,2021-04-21T00:00:00.000Z,4.0,0.0,0.0
100654,Normal,35762,2021-04-20T00:00:00.000Z,18.0,0.0,0.0
100654,Normal,35762,2021-04-19T00:00:00.000Z,18.0,0.0,0.0
100654,Normal,35762,2021-04-18T00:00:00.000Z,14.0,0.0,0.0
100654,Normal,35762,2021-04-17T00:00:00.000Z,7.0,0.0,0.0
100654,Normal,35762,2021-04-16T00:00:00.000Z,15.0,0.0,0.0
100654,Normal,35762,2021-04-15T00:00:00.000Z,16.0,0.0,0.0
100654,Normal,35762,2021-04-14T00:00:00.000Z,0.0,0.0,1.0
100663,Birmingham,35294-0110,2021-04-21T00:00:00.000Z,9.0,0.0,0.0
100663,Birmingham,35294-0110,2021-04-20T00:00:00.000Z,15.0,0.0,0.0
100663,Birmingham,35294-0110,2021-04-19T00:00:00.000Z,15.0,0.0,0.0
100663,Birmingham,35294-0110,2021-04-18T00:00:00.000Z,10.0,0.0,0.0
100663,Birmingham,35294-0110,2021-04-17T00:00:00.000Z,0.0,0.0,0.0
100663,Birmingham,35294-0110,2021-04-16T00:00:00.000Z,0.0,0.0,0.0
100663,Birmingham,35294-0110,2021-04-15T00:00:00.000Z,1.0,0.0,0.0
100663,Birmingham,35294-0110,2021-04-14T00:00:00.000Z,0.0,0.0,0.0
100690,Montgomery,36117-3553,2021-04-21T00:00:00.000Z,16.0,0.0,0.0
100690,Montgomery,36117-3553,2021-04-20T00:00:00.000Z,12.0,0.0,0.0
100690,Montgomery,36117-3553,2021-04-19T00:00:00.000Z,15.0,0.0,0.0
100690,Montgomery,36117-3553,2021-04-18T00:00:00.000Z,1.0,0.0,0.0
100690,Montgomery,36117-3553,2021-04-17T00:00:00.000Z,1.0,0.0,0.0
100690,Montgomery,36117-3553,2021-04-16T00:00:00.000Z,0.0,0.0,1.0
100690,Montgomery,36117-3553,2021-04-15T00:00:00.000Z,1.0,0.0,2.0
100690,Montgomery,36117-3553,2021-04-14T00:00:00.000Z,0.0,0.0,0.0
100706,Huntsville,35899,2021-04-21T00:00:00.000Z,4.0,0.0,0.0
100706,Huntsville,35899,2021-04-20T00:00:00.000Z,18.0,0.0,0.0
100706,Huntsville,35899,2021-04-19T00:00:00.000Z,18.0,0.0,0.0
100706,Huntsville,35899,2021-04-18T00:00:00.000Z,14.0,0.0,0.0
100706,Huntsville,35899,2021-04-17T00:00:00.000Z,7.0,0.0,0.0
100706,Huntsville,35899,2021-04-16T00:00:00.000Z,15.0,0.0,0.0
100706,Huntsville,35899,2021-04-15T00:00:00.000Z,16.0,0.0,0.0
100706,Huntsville,35899,2021-04-14T00:00:00.000Z,0.0,0.0,1.0
100724,Montgomery,36104-0271,2021-04-21T00:00:00.000Z,18.0,0.0,0.0
100724,Montgomery,36104-0271,2021-04-20T00:00:00.000Z,14.0,0.0,0.0
100724,Montgomery,36104-0271,2021-04-19T00:00:00.000Z,18.0,0.0,0.0
100724,Montgomery,36104-0271,2021-04-18T00:00:00.000Z,4.0,0.0,0.0
100724,Montgomery,36104-0271,2021-04-17T00:00:00.000Z,3.0,0.0,0.0
100724,Montgomery,36104-0271,2021-04-16T00:00:00.000Z,1.0,0.0,2.0
100724,Montgomery,36104-0271,2021-04-15T00:00:00.000Z,6.0,0.0,1.0
100724,Montgomery,36104-0271,2021-04-14T00:00:00.000Z,1.0,0.0,0.0
100751,Tuscaloosa,35487-0100,2021-04-21T00:00:00.000Z,9.0,0.0,0.0
100751,Tuscaloosa,35487-0100,2021-04-20T00:00:00.000Z,24.0,0.0,0.0
100751,Tuscaloosa,35487-0100,2021-04-19T00:00:00.000Z,24.0,0.0,0.0
100751,Tuscaloosa,35487-0100,2021-04-18T00:00:00.000Z,14.0,0.0,0.0
100751,Tuscaloosa,35487-0100,2021-04-17T00:00:00.000Z,10.0,0.0,0.0
100751,Tuscaloosa,35487-0100,2021-04-16T00:00:00.000Z,18.0,0.0,0.0
100751,Tuscaloosa,35487-0100,2021-04-15T00:00:00.000Z,18.0,0.0,0.0
100751,Tuscaloosa,35487-0100,2021-04-14T00:00:00.000Z,0.0,0.0,0.0
100812,Athens,35611,2021-04-21T00:00:00.000Z,4.0,0.0,1.0
100812,Athens,35611,2021-04-20T00:00:00.000Z,23.0,0.0,0.0
100812,Athens,35611,2021-04-19T00:00:00.000Z,20.0,0.0,0.0
100812,Athens,35611,2021-04-18T00:00:00.000Z,15.0,0.0,0.0
100812,Athens,35611,2021-04-17T00:00:00.000Z,6.0,0.0,0.0
100812,Athens,35611,2021-04-16T00:00:00.000Z,17.0,0.0,0.0
100812,Athens,35611,2021-04-15T00:00:00.000Z,19.0,0.0,0.0
100812,Athens,35611,2021-04-14T00:00:00.000Z,0.0,0.0,0.0
100830,Montgomery,36117-3596,2021-04-21T00:00:00.000Z,18.0,0.0,0.0
100830,Montgomery,36117-3596,2021-04-20T00:00:00.000Z,14.0,0.0,0.0
100830,Montgomery,36117-3596,2021-04-19T00:00:00.000Z,18.0,0.0,0.0
100830,Montgomery,36117-3596,2021-04-18T00:00:00.000Z,4.0,0.0,0.0
100830,Montgomery,36117-3596,2021-04-17T00:00:00.000Z,3.0,0.0,0.0
100830,Montgomery,36117-3596,2021-04-16T00:00:00.000Z,1.0,0.0,2.0
100830,Montgomery,36117-3596,2021-04-15T00:00:00.000Z,6.0,0.0,1.0
100830,Montgomery,36117-3596,2021-04-14T00:00:00.000Z,1.0,0.0,0.0
100858,Auburn,36849,2021-04-21T00:00:00.000Z,18.0,0.0,0.0
100858,Auburn,36849,2021-04-20T00:00:00.000Z,24.0,0.0,0.0
100858,Auburn,36849,2021-04-19T00:00:00.000Z,23.0,0.0,0.0
100858,Auburn,36849,2021-04-18T00:00:00.000Z,23.0,0.0,0.0
100858,Auburn,36849,2021-04-17T00:00:00.000Z,15.0,0.0,0.0
100858,Auburn,36849,2021-04-16T00:00:00.000Z,15.0,0.0,0.0
100858,Auburn,36849,2021-04-15T00:00:00.000Z,10.0,0.0,0.0
100858,Auburn,36849,2021-04-14T00:00:00.000Z,1.0,0.0,0.0
100937,Birmingham,35254,2021-04-21T00:00:00.000Z,9.0,0.0,0.0
100937,Birmingham,35254,2021-04-20T00:00:00.000Z,15.0,0.0,0.0
100937,Birmingham,35254,2021-04-19T00:00:00.000Z,15.0,0.0,0.0
100937,Birmingham,35254,2021-04-18T00:00:00.000Z,10.0,0.0,0.0
100937,Birmingham,35254,2021-04-17T00:00:00.000Z,0.0,0.0,0.0
100937,Birmingham,35254,2021-04-16T00:00:00.000Z,0.0,0.0,0.0
100937,Birmingham,35254,2021-04-15T00:00:00.000Z,1.0,0.0,0.0
100937,Birmingham,35254,2021-04-14T00:00:00.000Z,0.0,0.0,0.0
101116,Montgomery,36116,2021-04-21T00:00:00.000Z,18.0,0.0,0.0
101116,Montgomery,36116,2021-04-20T00:00:00.000Z,14.0,0.0,0.0
101116,Montgomery,36116,2021-04-19T00:00:00.000Z,18.0,0.0,0.0
101116,Montgomery,36116,2021-04-18T00:00:00.000Z,4.0,0.0,0.0
101116,Montgomery,36116,2021-04-17T00:00:00.000Z,3.0,0.0,0.0
101116,Montgomery,36116,2021-04-16T00:00:00.000Z,1.0,0.0,2.0
101116,Montgomery,36116,2021-04-15T00:00:00.000Z,6.0,0.0,1.0
101116,Montgomery,36116,2021-04-14T00:00:00.000Z,1.0,0.0,0.0
101189,Montgomery,36109-3390,2021-04-21T00:00:00.000Z,18.0,0.0,0.0
101189,Montgomery,36109-3390,2021-04-20T00:00:00.000Z,14.0,0.0,0.0
101189,Montgomery,36109-3390,2021-04-19T00:00:00.000Z,18.0,0.0,0.0
101189,Montgomery,36109-3390,2021-04-18T00:00:00.000Z,4.0,0.0,0.0
101189,Montgomery,36109-3390,2021-04-17T00:00:00.000Z,3.0,0.0,0.0
101189,Montgomery,36109-3390,2021-04-16T00:00:00.000Z,1.0,0.0,2.0
101189,Montgomery,36109-3390,2021-04-15T00:00:00.000Z,6.0,0.0,1.0
101189,Montgomery,36109-3390,2021-04-14T00:00:00.000Z,1.0,0.0,0.0
101365,Birmingham,35209,2021-04-21T00:00:00.000Z,9.0,0.0,0.0
101365,Birmingham,35209,2021-04-20T00:00:00.000Z,16.0,0.0,0.0
101365,Birmingham,35209,2021-04-19T00:00:00.000Z,15.0,0.0,0.0
101365,Birmingham,35209,2021-04-18T00:00:00.000Z,9.0,0.0,0.0
101365,Birmingham,35209,2021-04-17T00:00:00.000Z,0.0,0.0,0.0
101365,Birmingham,35209,2021-04-16T00:00:00.000Z,0.0,0.0,0.0
101365,Birmingham,35209,2021-04-15T00:00:00.000Z,1.0,0.0,0.0
101365,Birmingham,35209,2021-04-14T00:00:00.000Z,0.0,0.0,0.0
101435,Montgomery,36106-2148,2021-04-21T00:00:00.000Z,18.0,0.0,0.0
101435,Montgomery,36106-2148,2021-04-20T00:00:00.000Z,14.0,0.0,0.0
101435,Montgomery,36106-2148,2021-04-19T00:00:00.000Z,18.0,0.0,0.0
101435,Montgomery,36106-2148,2021-04-18T00:00:00.000Z,4.0,0.0,0.0
101435,Montgomery,36106-2148,2021-04-17T00:00:00.000Z,3.0,0.0,0.0
101435,Montgomery,36106-2148,2021-04-16T00:00:00.000Z,1.0,0.0,2.0
101435,Montgomery,36106-2148,2021-04-15T00:00:00.000Z,6.0,0.0,1.0
101435,Montgomery,36106-2148,2021-04-14T00:00:00.000Z,1.0,0.0,0.0
101453,Florence,35630-9977,2021-04-21T00:00:00.000Z,4.0,0.0,0.0
101453,Florence,35630-9977,2021-04-20T00:00:00.000Z,22.0,0.0,0.0
101453,Florence,35630-9977,2021-04-19T00:00:00.000Z,22.0,0.0,0.0
101453,Florence,35630-9977,2021-04-18T00:00:00.000Z,7.0,0.0,0.0
101453,Florence,35630-9977,2021-04-17T00:00:00.000Z,3.0,0.0,0.0
101453,Florence,35630-9977,2021-04-16T00:00:00.000Z,11.0,0.0,0.0
101453,Florence,35630-9977,2021-04-15T00:00:00.000Z,16.0,0.0,1.0
101453,Florence,35630-9977,2021-04-14T00:00:00.000Z,0.0,0.0,0.0
101480,Jacksonville,36265,2021-04-21T00:00:00.000Z,12.0,0.0,0.0
101480,Jacksonville,36265,2021-04-20T00:00:00.000Z,23.0,0.0,0.0
101480,Jacksonville,36265,2021-04-19T00:00:00.000Z,23.0,0.0,0.0
101480,Jacksonville,36265,2021-04-18T00:00:00.000Z,9.0,0.0,0.0
101480,Jacksonville,36265,2021-04-17T00:00:00.000Z,8.0,0.0,0.0
101480,Jacksonville,36265,2021-04-16T00:00:00.000Z,20.0,0.0,0.0
101480,Jacksonville,36265,2021-04-15T00:00:00.000Z,15.0,0.0,0.0
101480,Jacksonville,36265,2021-04-14T00:00:00.000Z,0.0,0.0,0.0
101587,Livingston,35470,2021-04-21T00:00:00.000Z,11.0,0.0,0.0
101587,Livingston,35470,2021-04-20T00:00:00.000Z,23.0,0.0,0.0
101587,Livingston,35470,2021-04-19T00:00:00.000Z,24.0,0.0,0.0
101587,Livingston,35470,2021-04-18T00:00:00.000Z,11.0,0.0,0.0
101587,Livingston,35470,2021-04-17T00:00:00.000Z,4.0,0.0,0.0
101587,Livingston,35470,2021-04-16T00:00:00.000Z,9.0,0.0,2.0
101587,Livingston,35470,2021-04-15T00:00:00.000Z,14.0,0.0,0.0
101587,Livingston,35470,2021-04-14T00:00:00.000Z,0.0,0.0,0.0
101675,Fairfield,35064-2621,2021-04-21T00:00:00.000Z,10.0,0.0,0.0
101675,Fairfield,35064-2621,2021-04-20T00:00:00.000Z,22.0,0.0,0.0
101675,Fairfield,35064-2621,2021-04-19T00:00:00.000Z,24.0,0.0,0.0
101675,Fairfield,35064-2621,2021-04-18T00:00:00.000Z,13.0,0.0,0.0
101675,Fairfield,35064-2621,2021-04-17T00:00:00.000Z,10.0,0.0,0.0
101675,Fairfield,35064-2621,2021-04-16T00:00:00.000Z,11.0,0.0,0.0
101675,Fairfield,35064-2621,2021-04-15T00:00:00.000Z,13.0,0.0,0.0
101675,Fairfield,35064-2621,2021-04-14T00:00:00.000Z,0.0,0.0,0.0
101693,Mobile,36613-2842,2021-04-21T00:00:00.000Z,18.0,0.0,0.0
101693,Mobile,36613-2842,2021-04-20T00:00:00.000Z,11.0,0.0,0.0
101693,Mobile,36613-2842,2021-04-19T00:00:00.000Z,18.0,0.0,0.0
101693,Mobile,36613-2842,2021-04-18T00:00:00.000Z,8.0,0.0,0.0
101693,Mobile,36613-2842,2021-04-17T00:00:00.000Z,1.0,0.0,10.0
101693,Mobile,36613-2842,2021-04-16T00:00:00.000Z,3.0,0.0,6.0
101693,Mobile,36613-2842,2021-04-15T00:00:00.000Z,3.0,0.0,10.0
101693,Mobile,36613-2842,2021-04-14T00:00:00.000Z,0.0,0.0,0.0
101709,Montevallo,35115-6000,2021-04-21T00:00:00.000Z,12.0,0.0,0.0
101709,Montevallo,35115-6000,2021-04-20T00:00:00.000Z,22.0,0.0,0.0
101709,Montevallo,35115-6000,2021-04-19T00:00:00.000Z,24.0,0.0,0.0
101709,Montevallo,35115-6000,2021-04-18T00:00:00.000Z,17.0,0.0,0.0
101709,Montevallo,35115-6000,2021-04-17T00:00:00.000Z,11.0,0.0,0.0
101709,Montevallo,35115-6000,2021-04-16T00:00:00.000Z,16.0,0.0,0.0
101709,Montevallo,35115-6000,2021-04-15T00:00:00.000Z,17.0,0.0,0.0
101709,Montevallo,35115-6000,2021-04-14T00:00:00.000Z,0.0,0.0,0.0
101879,Florence,35632-0001,2021-04-21T00:00:00.000Z,4.0,0.0,0.0
101879,Florence,35632-0001,2021-04-20T00:00:00.000Z,22.0,0.0,0.0
101879,Florence,35632-0001,2021-04-19T00:00:00.000Z,22.0,0.0,0.0
101879,Florence,35632-0001,2021-04-18T00:00:00.000Z,7.0,0.0,0.0
101879,Florence,35632-0001,2021-04-17T00:00:00.000Z,3.0,0.0,0.0
101879,Florence,35632-0001,2021-04-16T00:00:00.000Z,11.0,0.0,0.0
101879,Florence,35632-0001,2021-04-15T00:00:00.000Z,16.0,0.0,1.0
101879,Florence,35632-0001,2021-04-14T00:00:00.000Z,0.0,0.0,0.0
101912,Huntsville,35896,2021-04-21T00:00:00.000Z,4.0,0.0,0.0
101912,Huntsville,35896,2021-04-20T00:00:00.000Z,18.0,0.0,0.0
101912,Huntsville,35896,2021-04-19T00:00:00.000Z,18.0,0.0,0.0
101912,Huntsville,35896,2021-04-18T00:00:00.000Z,14.0,0.0,0.0
101912,Huntsville,35896,2021-04-17T00:00:00.000Z,7.0,0.0,0.0
101912,Huntsville,35896,2021-04-16T00:00:00.000Z,15.0,0.0,0.0
101912,Huntsville,35896,2021-04-15T00:00:00.000Z,16.0,0.0,0.0
101912,Huntsville,35896,2021-04-14T00:00:00.000Z,0.0,0.0,1.0
102049,Birmingham,35229-2240,2021-04-21T00:00:00.000Z,9.0,0.0,0.0
102049,Birmingham,35229-2240,2021-04-20T00:00:00.000Z,16.0,0.0,0.0
102049,Birmingham,35229-2240,2021-04-19T00:00:00.000Z,15.0,0.0,0.0
102049,Birmingham,35229-2240,2021-04-18T00:00:00.000Z,9.0,0.0,0.0
102049,Birmingham,35229-2240,2021-04-17T00:00:00.000Z,0.0,0.0,0.0
102049,Birmingham,35229-2240,2021-04-16T00:00:00.000Z,0.0,0.0,0.0
102049,Birmingham,35229-2240,2021-04-15T00:00:00.000Z,1.0,0.0,0.0
102049,Birmingham,35229-2240,2021-04-14T00:00:00.000Z,0.0,0.0,0.0
102058,Selma,36701,2021-04-21T00:00:00.000Z,14.0,0.0,0.0
102058,Selma,36701,2021-04-20T00:00:00.000Z,20.0,0.0,0.0
102058,Selma,36701,2021-04-19T00:00:00.000Z,23.0,0.0,0.0
102058,Selma,36701,2021-04-18T00:00:00.000Z,16.0,0.0,0.0
102058,Selma,36701,2021-04-17T00:00:00.000Z,8.0,0.0,0.0
102058,Selma,36701,2021-04-16T00:00:00.000Z,13.0,0.0,0.0
102058,Selma,36701,2021-04-15T00:00:00.000Z,11.0,0.0,1.0
102058,Selma,36701,2021-04-14T00:00:00.000Z,0.0,0.0,0.0
102094,Mobile,36688-0002,2021-04-21T00:00:00.000Z,18.0,0.0,0.0
102094,Mobile,36688-0002,2021-04-20T00:00:00.000Z,12.0,0.0,0.0
102094,Mobile,36688-0002,2021-04-19T00:00:00.000Z,18.0,0.0,0.0
102094,Mobile,36688-0002,2021-04-18T00:00:00.000Z,8.0,0.0,0.0
102094,Mobile,36688-0002,2021-04-17T00:00:00.000Z,1.0,0.0,11.0
102094,Mobile,36688-0002,2021-04-16T00:00:00.000Z,3.0,0.0,5.0
102094,Mobile,36688-0002,2021-04-15T00:00:00.000Z,3.0,0.0,9.0
102094,Mobile,36688-0002,2021-04-14T00:00:00.000Z,0.0,0.0,0.0
102234,Mobile,36608-1791,2021-04-21T00:00:00.000Z,18.0,0.0,0.0
102234,Mobile,36608-1791,2021-04-20T00:00:00.000Z,15.0,0.0,0.0
102234,Mobile,36608-1791,2021-04-19T00:00:00.000Z,22.0,0.0,0.0
102234,Mobile,36608-1791,2021-04-18T00:00:00.000Z,19.0,0.0,0.0
102234,Mobile,36608-1791,2021-04-17T00:00:00.000Z,2.0,0.0,9.0
102234,Mobile,36608-1791,2021-04-16T00:00:00.000Z,8.0,0.0,4.0
102234,Mobile,36608-1791,2021-04-15T00:00:00.000Z,5.0,0.0,9.0
102234,Mobile,36608-1791,2021-04-14T00:00:00.000Z,1.0,0.0,0.0
102270,Tuscaloosa,35401,2021-04-21T00:00:00.000Z,9.0,0.0,0.0
102270,Tuscaloosa,35401,2021-04-20T00:00:00.000Z,24.0,0.0,0.0
102270,Tuscaloosa,35401,2021-04-19T00:00:00.000Z,24.0,0.0,0.0
102270,Tuscaloosa,35401,2021-04-18T00:00:00.000Z,14.0,0.0,0.0
102270,Tuscaloosa,35401,2021-04-17T00:00:00.000Z,10.0,0.0,0.0
102270,Tuscaloosa,35401,2021-04-16T00:00:00.000Z,18.0,0.0,0.0
102270,Tuscaloosa,35401,2021-04-15T00:00:00.000Z,18.0,0.0,0.0
102270,Tuscaloosa,35401,2021-04-14T00:00:00.000Z,0.0,0.0,0.0
102298,Talladega,35160,2021-04-21T00:00:00.000Z,11.0,0.0,0.0
102298,Talladega,35160,2021-04-20T00:00:00.000Z,13.0,0.0,0.0
102298,Talladega,35160,2021-04-19T00:00:00.000Z,18.0,0.0,0.0
102298,Talladega,35160,2021-04-18T00:00:00.000Z,10.0,0.0,0.0
102298,Talladega,35160,2021-04-17T00:00:00.000Z,2.0,0.0,0.0
102298,Talladega,35160,2021-04-16T00:00:00.000Z,21.0,0.0,0.0
102298,Talladega,35160,2021-04-15T00:00:00.000Z,14.0,0.0,1.0
102298,Talladega,35160,2021-04-14T00:00:00.000Z,0.0,0.0,0.0
102368,Troy,36082-0001,2021-04-21T00:00:00.000Z,18.0,0.0,0.0
102368,Troy,36082-0001,2021-04-20T00:00:00.000Z,14.0,0.0,1.0
102368,Troy,36082-0001,2021-04-19T00:00:00.000Z,24.0,0.0,0.0
102368,Troy,36082-0001,2021-04-18T00:00:00.000Z,24.0,0.0,0.0
102368,Troy,36082-0001,2021-04-17T00:00:00.000Z,8.0,0.0,1.0
102368,Troy,36082-0001,2021-04-16T00:00:00.000Z,12.0,0.0,3.0
102368,Troy,36082-0001,2021-04-15T00:00:00.000Z,8.0,0.0,2.0
102368,Troy,36082-0001,2021-04-14T00:00:00.000Z,3.0,0.0,0.0
102377,Tuskegee,36088-1920,2021-04-21T00:00:00.000Z,18.0,0.0,0.0
102377,Tuskegee,36088-1920,2021-04-20T00:00:00.000Z,10.0,0.0,0.0
102377,Tuskegee,36088-1920,2021-04-19T00:00:00.000Z,17.0,0.0,0.0
102377,Tuskegee,36088-1920,2021-04-18T00:00:00.000Z,8.0,0.0,0.0
102377,Tuskegee,36088-1920,2021-04-17T00:00:00.000Z,0.0,0.0,0.0
102377,Tuskegee,36088-1920,2021-04-16T00:00:00.000Z,0.0,0.0,0.0
102377,Tuskegee,36088-1920,2021-04-15T00:00:00.000Z,0.0,0.0,0.0
102377,Tuskegee,36088-1920,2021-04-14T00:00:00.000Z,0.0,0.0,0.0
102395,Daphne,36526-7055,2021-04-21T00:00:00.000Z,18.0,0.0,0.0
102395,Daphne,36526-7055,2021-04-20T00:00:00.000Z,15.0,0.0,0.0
102395,Daphne,36526-7055,2021-04-19T00:00:00.000Z,22.0,0.0,0.0
102395,Daphne,36526-7055,2021-04-18T00:00:00.000Z,20.0,0.0,0.0
102395,Daphne,36526-7055,2021-04-17T00:00:00.000Z,2.0,0.0,11.0
102395,Daphne,36526-7055,2021-04-16T00:00:00.000Z,8.0,0.0,7.0
102395,Daphne,36526-7055,2021-04-15T00:00:00.000Z,5.0,0.0,6.0
102395,Daphne,36526-7055,2021-04-14T00:00:00.000Z,1.0,0.0,1.0
102553,Anchorage,99508,2021-04-21T00:00:00.000Z,18.0,0.0,0.0
102553,Anchorage,99508,2021-04-20T00:00:00.000Z,14.0,0.0,0.0
102553,Anchorage,99508,2021-04-19T00:00:00.000Z,20.0,0.0,0.0
102553,Anchorage,99508,2021-04-18T00:00:00.000Z,21.0,0.0,0.0
102553,Anchorage,99508,2021-04-17T00:00:00.000Z,24.0,0.0,0.0
102553,Anchorage,99508,2021-04-16T00:00:00.000Z,23.0,0.0,0.0
102553,Anchorage,99508,2021-04-15T00:00:00.000Z,6.0,0.0,0.0
102553,Anchorage,99508,2021-04-14T00:00:00.000Z,0.0,0.0,1.0
102580,Palmer,99645,2021-04-21T00:00:00.000Z,18.0,0.0,0.0
102580,Palmer,99645,2021-04-20T00:00:00.000Z,10.0,0.0,0.0
102580,Palmer,99645,2021-04-19T00:00:00.000Z,20.0,0.0,0.0
102580,Palmer,99645,2021-04-18T00:00:00.000Z,14.0,0.0,0.0
102580,Palmer,99645,2021-04-17T00:00:00.000Z,24.0,0.0,0.0
102580,Palmer,99645,2021-04-16T00:00:00.000Z,23.0,0.0,0.0
102580,Palmer,99645,2021-04-15T00:00:00.000Z,10.0,0.0,0.0
102580,Palmer,99645,2021-04-14T00:00:00.000Z,2.0,0.0,0.0
102614,Fairbanks,99775,2021-04-21T00:00:00.000Z,18.0,0.0,0.0
102614,Fairbanks,99775,2021-04-20T00:00:00.000Z,21.0,0.0,0.0
102614,Fairbanks,99775,2021-04-19T00:00:00.000Z,24.0,0.0,0.0
102614,Fairbanks,99775,2021-04-18T00:00:00.000Z,24.0,0.0,0.0
102614,Fairbanks,99775,2021-04-17T00:00:00.000Z,24.0,0.0,0.0
102614,Fairbanks,99775,2021-04-16T00:00:00.000Z,24.0,0.0,0.0
102614,Fairbanks,99775,2021-04-15T00:00:00.000Z,5.0,0.0,0.0
102614,Fairbanks,99775,2021-04-14T00:00:00.000Z,0.0,0.0,0.0
102632,Juneau,99801-8697,2021-04-21T00:00:00.000Z,6.0,0.0,4.0
102632,Juneau,99801-8697,2021-04-20T00:00:00.000Z,3.0,0.0,2.0
102632,Juneau,99801-8697,2021-04-19T00:00:00.000Z,21.0,0.0,0.0
102632,Juneau,99801-8697,2021-04-18T00:00:00.000Z,24.0,0.0,0.0
102632,Juneau,99801-8697,2021-04-17T00:00:00.000Z,12.0,0.0,0.0
102632,Juneau,99801-8697,2021-04-16T00:00:00.000Z,7.0,0.0,0.0
102632,Juneau,99801-8697,2021-04-15T00:00:00.000Z,1.0,0.0,2.0
102632,Juneau,99801-8697,2021-04-14T00:00:00.000Z,0.0,1.0,6.0
102669,Anchorage,99508,2021-04-21T00:00:00.000Z,18.0,0.0,0.0
102669,Anchorage,99508,2021-04-20T00:00:00.000Z,14.0,0.0,0.0
102669,Anchorage,99508,2021-04-19T00:00:00.000Z,20.0,0.0,0.0
102669,Anchorage,99508,2021-04-18T00:00:00.000Z,21.0,0.0,0.0
102669,Anchorage,99508,2021-04-17T00:00:00.000Z,24.0,0.0,0.0
102669,Anchorage,99508,2021-04-16T00:00:00.000Z,23.0,0.0,0.0
102669,Anchorage,99508,2021-04-15T00:00:00.000Z,6.0,0.0,0.0
102669,Anchorage,99508,2021-04-14T00:00:00.000Z,0.0,0.0,1.0
102845,Vancouver,98683-7575,2021-04-21T00:00:00.000Z,16.0,0.0,0.0
102845,Vancouver,98683-7575,2021-04-20T00:00:00.000Z,20.0,0.0,0.0
102845,Vancouver,98683-7575,2021-04-19T00:00:00.000Z,11.0,0.0,0.0
102845,Vancouver,98683-7575,2021-04-18T00:00:00.000Z,24.0,0.0,0.0
102845,Vancouver,98683-7575,2021-04-17T00:00:00.000Z,24.0,0.0,0.0
102845,Vancouver,98683-7575,2021-04-16T00:00:00.000Z,24.0,0.0,0.0
102845,Vancouver,98683-7575,2021-04-15T00:00:00.000Z,24.0,0.0,0.0
102845,Vancouver,98683-7575,2021-04-14T00:00:00.000Z,7.0,0.0,0.0
104151,Tempe,85287,2021-04-21T00:00:00.000Z,17.0,0.0,0.0
104151,Tempe,85287,2021-04-20T00:00:00.000Z,24.0,0.0,0.0
104151,Tempe,85287,2021-04-19T00:00:00.000Z,24.0,0.0,0.0
104151,Tempe,85287,2021-04-18T00:00:00.000Z,10.0,0.0,0.0
104151,Tempe,85287,2021-04-17T00:00:00.000Z,15.0,0.0,0.0
104151,Tempe,85287,2021-04-16T00:00:00.000Z,6.0,0.0,0.0
104151,Tempe,85287,2021-04-15T00:00:00.000Z,0.0,0.0,0.0
104151,Tempe,85287,2021-04-14T00:00:00.000Z,0.0,0.0,0.0
104179,Tucson,85721-0066,2021-04-21T00:00:00.000Z,18.0,0.0,0.0
104179,Tucson,85721-0066,2021-04-20T00:00:00.000Z,24.0,0.0,0.0
104179,Tucson,85721-0066,2021-04-19T00:00:00.000Z,24.0,0.0,0.0
104179,Tucson,85721-0066,2021-04-18T00:00:00.000Z,15.0,0.0,0.0
104179,Tucson,85721-0066,2021-04-17T00:00:00.000Z,24.0,0.0,0.0
104179,Tucson,85721-0066,2021-04-16T00:00:00.000Z,5.0,0.0,0.0
104179,Tucson,85721-0066,2021-04-15T00:00:00.000Z,16.0,0.0,0.0
104179,Tucson,85721-0066,2021-04-14T00:00:00.000Z,3.0,0.0,0.0
104586,Prescott,86301-3720,2021-04-21T00:00:00.000Z,18.0,0.0,0.0
104586,Prescott,86301-3720,2021-04-20T00:00:00.000Z,24.0,0.0,0.0
104586,Prescott,86301-3720,2021-04-19T00:00:00.000Z,24.0,0.0,0.0
104586,Prescott,86301-3720,2021-04-18T00:00:00.000Z,15.0,0.0,0.0
104586,Prescott,86301-3720,2021-04-17T00:00:00.000Z,13.0,0.0,0.0
104586,Prescott,86301-3720,2021-04-16T00:00:00.000Z,19.0,0.0,0.0
104586,Prescott,86301-3720,2021-04-15T00:00:00.000Z,23.0,0.0,0.0
104586,Prescott,86301-3720,2021-04-14T00:00:00.000Z,7.0,0.0,0.0
104717,Phoenix,85017,2021-04-21T00:00:00.000Z,18.0,0.0,0.0
104717,Phoenix,85017,2021-04-20T00:00:00.000Z,24.0,0.0,0.0
104717,Phoenix,85017,2021-04-19T00:00:00.000Z,24.0,0.0,0.0
104717,Phoenix,85017,2021-04-18T00:00:00.000Z,11.0,0.0,0.0
104717,Phoenix,85017,2021-04-17T00:00:00.000Z,18.0,0.0,0.0
104717,Phoenix,85017,2021-04-16T00:00:00.000Z,8.0,0.0,0.0
104717,Phoenix,85017,2021-04-15T00:00:00.000Z,11.0,0.0,0.0
104717,Phoenix,85017,2021-04-14T00:00:00.000Z,2.0,0.0,0.0
105297,Tsaile,86556,2021-04-21T00:00:00.000Z,0.0,0.0,0.0
105297,Tsaile,86556,2021-04-20T00:00:00.000Z,12.0,0.0,0.0
105297,Tsaile,86556,2021-04-19T00:00:00.000Z,21.0,0.0,0.0
105297,Tsaile,86556,2021-04-18T00:00:00.000Z,13.0,0.0,0.0
105297,Tsaile,86556,2021-04-17T00:00:00.000Z,2.0,2.0,0.0
105297,Tsaile,86556,2021-04-16T00:00:00.000Z,20.0,0.0,0.0
105297,Tsaile,86556,2021-04-15T00:00:00.000Z,12.0,0.0,0.0
105297,Tsaile,86556,2021-04-14T00:00:00.000Z,3.0,0.0,0.0
105330,Flagstaff,86011-4092,2021-04-21T00:00:00.000Z,18.0,0.0,0.0
105330,Flagstaff,86011-4092,2021-04-20T00:00:00.000Z,24.0,0.0,0.0
105330,Flagstaff,86011-4092,2021-04-19T00:00:00.000Z,24.0,0.0,0.0
105330,Flagstaff,86011-4092,2021-04-18T00:00:00.000Z,18.0,0.0,0.0
105330,Flagstaff,86011-4092,2021-04-17T00:00:00.000Z,8.0,0.0,1.0
105330,Flagstaff,86011-4092,2021-04-16T00:00:00.000Z,11.0,0.0,0.0
105330,Flagstaff,86011-4092,2021-04-15T00:00:00.000Z,23.0,0.0,0.0
105330,Flagstaff,86011-4092,2021-04-14T00:00:00.000Z,7.0,0.0,0.0
105367,Phoenix,85021,2021-04-21T00:00:00.000Z,18.0,0.0,0.0
105367,Phoenix,85021,2021-04-20T00:00:00.000Z,24.0,0.0,0.0
105367,Phoenix,85021,2021-04-19T00:00:00.000Z,24.0,0.0,0.0
105367,Phoenix,85021,2021-04-18T00:00:00.000Z,11.0,0.0,0.0
105367,Phoenix,85021,2021-04-17T00:00:00.000Z,18.0,0.0,0.0
105367,Phoenix,85021,2021-04-16T00:00:00.000Z,8.0,0.0,0.0
105367,Phoenix,85021,2021-04-15T00:00:00.000Z,11.0,0.0,0.0
105367,Phoenix,85021,2021-04-14T00:00:00.000Z,2.0,0.0,0.0
105534,Tucson,85712,2021-04-21T00:00:00.000Z,18.0,0.0,0.0
105534,Tucson,85712,2021-04-20T00:00:00.000Z,24.0,0.0,0.0
105534,Tucson,85712,2021-04-19T00:00:00.000Z,24.0,0.0,0.0
105534,Tucson,85712,2021-04-18T00:00:00.000Z,15.0,0.0,0.0
105534,Tucson,85712,2021-04-17T00:00:00.000Z,24.0,0.0,0.0
105534,Tucson,85712,2021-04-16T00:00:00.000Z,5.0,0.0,0.0
105534,Tucson,85712,2021-04-15T00:00:00.000Z,16.0,0.0,0.0
105534,Tucson,85712,2021-04-14T00:00:00.000Z,3.0,0.0,0.0
105589,Prescott,86301,2021-04-21T00:00:00.000Z,18.0,0.0,0.0
105589,Prescott,86301,2021-04-20T00:00:00.000Z,24.0,0.0,0.0
105589,Prescott,86301,2021-04-19T00:00:00.000Z,24.0,0.0,0.0
105589,Prescott,86301,2021-04-18T00:00:00.000Z,15.0,0.0,0.0
105589,Prescott,86301,2021-04-17T00:00:00.000Z,13.0,0.0,0.0
105589,Prescott,86301,2021-04-16T00:00:00.000Z,19.0,0.0,0.0
105589,Prescott,86301,2021-04-15T00:00:00.000Z,23.0,0.0,0.0
105589,Prescott,86301,2021-04-14T00:00:00.000Z,7.0,0.0,0.0
105899,Glendale,85306-3216,2021-04-21T00:00:00.000Z,18.0,0.0,0.0
105899,Glendale,85306-3216,2021-04-20T00:00:00.000Z,24.0,0.0,0.0
105899,Glendale,85306-3216,2021-04-19T00:00:00.000Z,24.0,0.0,0.0
105899,Glendale,85306-3216,2021-04-18T00:00:00.000Z,12.0,0.0,0.0
105899,Glendale,85306-3216,2021-04-17T00:00:00.000Z,18.0,0.0,0.0
105899,Glendale,85306-3216,2021-04-16T00:00:00.000Z,8.0,0.0,0.0
105899,Glendale,85306-3216,2021-04-15T00:00:00.000Z,10.0,0.0,0.0
105899,Glendale,85306-3216,2021-04-14T00:00:00.000Z,2.0,0.0,0.0
106245,Little Rock,72204,2021-04-21T00:00:00.000Z,16.0,0.0,0.0
106245,Little Rock,72204,2021-04-20T00:00:00.000Z,13.0,0.0,0.0
106245,Little Rock,72204,2021-04-19T00:00:00.000Z,20.0,0.0,0.0
106245,Little Rock,72204,2021-04-18T00:00:00.000Z,5.0,0.0,1.0
106245,Little Rock,72204,2021-04-17T00:00:00.000Z,0.0,0.0,0.0
106245,Little Rock,72204,2021-04-16T00:00:00.000Z,0.0,0.0,4.0
106245,Little Rock,72204,2021-04-15T00:00:00.000Z,3.0,0.0,2.0
106245,Little Rock,72204,2021-04-14T00:00:00.000Z,0.0,0.0,1.0
106263,Little Rock,72205-7199,2021-04-21T00:00:00.000Z,16.0,0.0,0.0
106263,Little Rock,72205-7199,2021-04-20T00:00:00.000Z,13.0,0.0,0.0
106263,Little Rock,72205-7199,2021-04-19T00:00:00.000Z,20.0,0.0,0.0
106263,Little Rock,72205-7199,2021-04-18T00:00:00.000Z,5.0,0.0,1.0
106263,Little Rock,72205-7199,2021-04-17T00:00:00.000Z,0.0,0.0,0.0
106263,Little Rock,72205-7199,2021-04-16T00:00:00.000Z,0.0,0.0,4.0
106263,Little Rock,72205-7199,2021-04-15T00:00:00.000Z,3.0,0.0,2.0
106263,Little Rock,72205-7199,2021-04-14T00:00:00.000Z,0.0,0.0,1.0
106306,Little Rock,72202-6068,2021-04-21T00:00:00.000Z,16.0,0.0,0.0
106306,Little Rock,72202-6068,2021-04-20T00:00:00.000Z,13.0,0.0,0.0
106306,Little Rock,72202-6068,2021-04-19T00:00:00.000Z,20.0,0.0,0.0
106306,Little Rock,72202-6068,2021-04-18T00:00:00.000Z,5.0,0.0,1.0
106306,Little Rock,72202-6068,2021-04-17T00:00:00.000Z,0.0,0.0,0.0
106306,Little Rock,72202-6068,2021-04-16T00:00:00.000Z,0.0,0.0,4.0
106306,Little Rock,72202-6068,2021-04-15T00:00:00.000Z,3.0,0.0,2.0
106306,Little Rock,72202-6068,2021-04-14T00:00:00.000Z,0.0,0.0,1.0
106342,Batesville,72501,2021-04-21T00:00:00.000Z,17.0,0.0,0.0
106342,Batesville,72501,2021-04-20T00:00:00.000Z,15.0,0.0,0.0
106342,Batesville,72501,2021-04-19T00:00:00.000Z,24.0,0.0,0.0
106342,Batesville,72501,2021-04-18T00:00:00.000Z,15.0,0.0,0.0
106342,Batesville,72501,2021-04-17T00:00:00.000Z,6.0,0.0,0.0
106342,Batesville,72501,2021-04-16T00:00:00.000Z,1.0,0.0,4.0
106342,Batesville,72501,2021-04-15T00:00:00.000Z,18.0,0.0,1.0
106342,Batesville,72501,2021-04-14T00:00:00.000Z,3.0,0.0,1.0
106397,Fayetteville,72701,2021-04-21T00:00:00.000Z,18.0,0.0,0.0
106397,Fayetteville,72701,2021-04-20T00:00:00.000Z,10.0,3.0,1.0
106397,Fayetteville,72701,2021-04-19T00:00:00.000Z,24.0,0.0,0.0
106397,Fayetteville,72701,2021-04-18T00:00:00.000Z,10.0,0.0,1.0
106397,Fayetteville,72701,2021-04-17T00:00:00.000Z,0.0,0.0,2.0
106397,Fayetteville,72701,2021-04-16T00:00:00.000Z,0.0,0.0,6.0
106397,Fayetteville,72701,2021-04-15T00:00:00.000Z,15.0,0.0,1.0
106397,Fayetteville,72701,2021-04-14T00:00:00.000Z,1.0,0.0,1.0
106412,Pine Bluff,71601,2021-04-21T00:00:00.000Z,18.0,0.0,0.0
106412,Pine Bluff,71601,2021-04-20T00:00:00.000Z,16.0,0.0,0.0
106412,Pine Bluff,71601,2021-04-19T00:00:00.000Z,24.0,0.0,0.0
106412,Pine Bluff,71601,2021-04-18T00:00:00.000Z,9.0,0.0,0.0
106412,Pine Bluff,71601,2021-04-17T00:00:00.000Z,1.0,0.0,0.0
106412,Pine Bluff,71601,2021-04-16T00:00:00.000Z,5.0,0.0,7.0
106412,Pine Bluff,71601,2021-04-15T00:00:00.000Z,19.0,0.0,1.0
106412,Pine Bluff,71601,2021-04-14T00:00:00.000Z,0.0,0.0,0.0
106458,Jonesboro,72401,2021-04-21T00:00:00.000Z,13.0,0.0,0.0
106458,Jonesboro,72401,2021-04-20T00:00:00.000Z,15.0,0.0,2.0
106458,Jonesboro,72401,2021-04-19T00:00:00.000Z,24.0,0.0,0.0
106458,Jonesboro,72401,2021-04-18T00:00:00.000Z,12.0,0.0,1.0
106458,Jonesboro,72401,2021-04-17T00:00:00.000Z,5.0,0.0,0.0
106458,Jonesboro,72401,2021-04-16T00:00:00.000Z,11.0,0.0,0.0
106458,Jonesboro,72401,2021-04-15T00:00:00.000Z,21.0,0.0,0.0
106458,Jonesboro,72401,2021-04-14T00:00:00.000Z,5.0,0.0,0.0
106467,Russellville,72801-2222,2021-04-21T00:00:00.000Z,17.0,0.0,0.0
106467,Russellville,72801-2222,2021-04-20T00:00:00.000Z,17.0,0.0,0.0
106467,Russellville,72801-2222,2021-04-19T00:00:00.000Z,24.0,0.0,0.0
106467,Russellville,72801-2222,2021-04-18T00:00:00.000Z,11.0,0.0,1.0
106467,Russellville,72801-2222,2021-04-17T00:00:00.000Z,2.0,0.0,0.0
106467,Russellville,72801-2222,2021-04-16T00:00:00.000Z,0.0,0.0,5.0
106467,Russellville,72801-2222,2021-04-15T00:00:00.000Z,17.0,0.0,1.0
106467,Russellville,72801-2222,2021-04-14T00:00:00.000Z,1.0,0.0,1.0
106485,Monticello,71656,2021-04-21T00:00:00.000Z,18.0,0.0,0.0
106485,Monticello,71656,2021-04-20T00:00:00.000Z,16.0,0.0,0.0
106485,Monticello,71656,2021-04-19T00:00:00.000Z,24.0,0.0,0.0
106485,Monticello,71656,2021-04-18T00:00:00.000Z,6.0,0.0,0.0
106485,Monticello,71656,2021-04-17T00:00:00.000Z,1.0,0.0,0.0
106485,Monticello,71656,2021-04-16T00:00:00.000Z,0.0,0.0,2.0
106485,Monticello,71656,2021-04-15T00:00:00.000Z,19.0,0.0,2.0
106485,Monticello,71656,2021-04-14T00:00:00.000Z,1.0,0.0,0.0
106704,Conway,72035-0001,2021-04-21T00:00:00.000Z,12.0,0.0,0.0
106704,Conway,72035-0001,2021-04-20T00:00:00.000Z,9.0,0.0,0.0
106704,Conway,72035-0001,2021-04-19T00:00:00.000Z,14.0,0.0,0.0
106704,Conway,72035-0001,2021-04-18T00:00:00.000Z,5.0,0.0,1.0
106704,Conway,72035-0001,2021-04-17T00:00:00.000Z,0.0,0.0,0.0
106704,Conway,72035-0001,2021-04-16T00:00:00.000Z,2.0,0.0,2.0
106704,Conway,72035-0001,2021-04-15T00:00:00.000Z,14.0,0.0,2.0
106704,Conway,72035-0001,2021-04-14T00:00:00.000Z,2.0,0.0,0.0
106713,Conway,72034,2021-04-21T00:00:00.000Z,12.0,0.0,0.0
106713,Conway,72034,2021-04-20T00:00:00.000Z,9.0,0.0,0.0
106713,Conway,72034,2021-04-19T00:00:00.000Z,14.0,0.0,0.0
106713,Conway,72034,2021-04-18T00:00:00.000Z,5.0,0.0,1.0
106713,Conway,72034,2021-04-17T00:00:00.000Z,0.0,0.0,0.0
106713,Conway,72034,2021-04-16T00:00:00.000Z,2.0,0.0,2.0
106713,Conway,72034,2021-04-15T00:00:00.000Z,14.0,0.0,2.0
106713,Conway,72034,2021-04-14T00:00:00.000Z,2.0,0.0,0.0
106810,Paragould,72450,2021-04-21T00:00:00.000Z,13.0,0.0,0.0
106810,Paragould,72450,2021-04-20T00:00:00.000Z,14.0,0.0,1.0
106810,Paragould,72450,2021-04-19T00:00:00.000Z,24.0,0.0,0.0
106810,Paragould,72450,2021-04-18T00:00:00.000Z,12.0,0.0,0.0
106810,Paragould,72450,2021-04-17T00:00:00.000Z,5.0,0.0,0.0
106810,Paragould,72450,2021-04-16T00:00:00.000Z,10.0,0.0,3.0
106810,Paragould,72450,2021-04-15T00:00:00.000Z,21.0,0.0,0.0
106810,Paragould,72450,2021-04-14T00:00:00.000Z,5.0,0.0,0.0
107044,Searcy,72149-5615,2021-04-21T00:00:00.000Z,17.0,0.0,0.0
107044,Searcy,72149-5615,2021-04-20T00:00:00.000Z,15.0,0.0,0.0
107044,Searcy,72149-5615,2021-04-19T00:00:00.000Z,24.0,0.0,0.0
107044,Searcy,72149-5615,2021-04-18T00:00:00.000Z,10.0,0.0,1.0
107044,Searcy,72149-5615,2021-04-17T00:00:00.000Z,0.0,0.0,0.0
107044,Searcy,72149-5615,2021-04-16T00:00:00.000Z,2.0,0.0,5.0
107044,Searcy,72149-5615,2021-04-15T00:00:00.000Z,18.0,0.0,2.0
107044,Searcy,72149-5615,2021-04-14T00:00:00.000Z,4.0,0.0,0.0
107071,Arkadelphia,71999-0001,2021-04-21T00:00:00.000Z,18.0,0.0,0.0
107071,Arkadelphia,71999-0001,2021-04-20T00:00:00.000Z,18.0,0.0,0.0
107071,Arkadelphia,71999-0001,2021-04-19T00:00:00.000Z,23.0,0.0,0.0
107071,Arkadelphia,71999-0001,2021-04-18T00:00:00.000Z,9.0,0.0,0.0
107071,Arkadelphia,71999-0001,2021-04-17T00:00:00.000Z,3.0,0.0,0.0
107071,Arkadelphia,71999-0001,2021-04-16T00:00:00.000Z,0.0,0.0,4.0
107071,Arkadelphia,71999-0001,2021-04-15T00:00:00.000Z,14.0,0.0,3.0
107071,Arkadelphia,71999-0001,2021-04-14T00:00:00.000Z,1.0,0.0,0.0
107080,Conway,72032-3080,2021-04-21T00:00:00.000Z,12.0,0.0,0.0
107080,Conway,72032-3080,2021-04-20T00:00:00.000Z,9.0,0.0,0.0
107080,Conway,72032-3080,2021-04-19T00:00:00.000Z,14.0,0.0,0.0
107080,Conway,72032-3080,2021-04-18T00:00:00.000Z,5.0,0.0,1.0
107080,Conway,72032-3080,2021-04-17T00:00:00.000Z,0.0,0.0,0.0
107080,Conway,72032-3080,2021-04-16T00:00:00.000Z,2.0,0.0,2.0
107080,Conway,72032-3080,2021-04-15T00:00:00.000Z,14.0,0.0,2.0
107080,Conway,72032-3080,2021-04-14T00:00:00.000Z,2.0,0.0,0.0
107141,Siloam Springs,72761,2021-04-21T00:00:00.000Z,14.0,0.0,0.0
107141,Siloam Springs,72761,2021-04-20T00:00:00.000Z,11.0,3.0,0.0
107141,Siloam Springs,72761,2021-04-19T00:00:00.000Z,24.0,0.0,0.0
107141,Siloam Springs,72761,2021-04-18T00:00:00.000Z,10.0,0.0,0.0
107141,Siloam Springs,72761,2021-04-17T00:00:00.000Z,3.0,0.0,0.0
107141,Siloam Springs,72761,2021-04-16T00:00:00.000Z,0.0,0.0,6.0
107141,Siloam Springs,72761,2021-04-15T00:00:00.000Z,8.0,0.0,1.0
107141,Siloam Springs,72761,2021-04-14T00:00:00.000Z,0.0,0.0,2.0
107512,Arkadelphia,71998-0001,2021-04-21T00:00:00.000Z,18.0,0.0,0.0
107512,Arkadelphia,71998-0001,2021-04-20T00:00:00.000Z,18.0,0.0,0.0
107512,Arkadelphia,71998-0001,2021-04-19T00:00:00.000Z,23.0,0.0,0.0
107512,Arkadelphia,71998-0001,2021-04-18T00:00:00.000Z,9.0,0.0,0.0
107512,Arkadelphia,71998-0001,2021-04-17T00:00:00.000Z,3.0,0.0,0.0
107512,Arkadelphia,71998-0001,2021-04-16T00:00:00.000Z,0.0,0.0,4.0
107512,Arkadelphia,71998-0001,2021-04-15T00:00:00.000Z,14.0,0.0,3.0
107512,Arkadelphia,71998-0001,2021-04-14T00:00:00.000Z,1.0,0.0,0.0
107558,Clarksville,72830,2021-04-21T00:00:00.000Z,11.0,0.0,0.0
107558,Clarksville,72830,2021-04-20T00:00:00.000Z,16.0,0.0,0.0
107558,Clarksville,72830,2021-04-19T00:00:00.000Z,24.0,0.0,0.0
107558,Clarksville,72830,2021-04-18T00:00:00.000Z,5.0,0.0,1.0
107558,Clarksville,72830,2021-04-17T00:00:00.000Z,0.0,0.0,0.0
107558,Clarksville,72830,2021-04-16T00:00:00.000Z,0.0,0.0,6.0
107558,Clarksville,72830,2021-04-15T00:00:00.000Z,1.0,0.0,1.0
107558,Clarksville,72830,2021-04-14T00:00:00.000Z,0.0,0.0,2.0
107600,Little Rock,72202-3799,2021-04-21T00:00:00.000Z,16.0,0.0,0.0
107600,Little Rock,72202-3799,2021-04-20T00:00:00.000Z,13.0,0.0,0.0
107600,Little Rock,72202-3799,2021-04-19T00:00:00.000Z,20.0,0.0,0.0
107600,Little Rock,72202-3799,2021-04-18T00:00:00.000Z,5.0,0.0,1.0
107600,Little Rock,72202-3799,2021-04-17T00:00:00.000Z,0.0,0.0,0.0
107600,Little Rock,72202-3799,2021-04-16T00:00:00.000Z,0.0,0.0,4.0
107600,Little Rock,72202-3799,2021-04-15T00:00:00.000Z,3.0,0.0,2.0
107600,Little Rock,72202-3799,2021-04-14T00:00:00.000Z,0.0,0.0,1.0
107877,Walnut Ridge,72476,2021-04-21T00:00:00.000Z,11.0,0.0,0.0
107877,Walnut Ridge,72476,2021-04-20T00:00:00.000Z,14.0,0.0,2.0
107877,Walnut Ridge,72476,2021-04-19T00:00:00.000Z,24.0,0.0,0.0
107877,Walnut Ridge,72476,2021-04-18T00:00:00.000Z,13.0,0.0,1.0
107877,Walnut Ridge,72476,2021-04-17T00:00:00.000Z,5.0,0.0,0.0
107877,Walnut Ridge,72476,2021-04-16T00:00:00.000Z,3.0,0.0,4.0
107877,Walnut Ridge,72476,2021-04-15T00:00:00.000Z,20.0,0.0,0.0
107877,Walnut Ridge,72476,2021-04-14T00:00:00.000Z,6.0,0.0,0.0
107983,Magnolia,71753,2021-04-21T00:00:00.000Z,18.0,0.0,0.0
107983,Magnolia,71753,2021-04-20T00:00:00.000Z,16.0,0.0,0.0
107983,Magnolia,71753,2021-04-19T00:00:00.000Z,24.0,0.0,0.0
107983,Magnolia,71753,2021-04-18T00:00:00.000Z,10.0,0.0,0.0
107983,Magnolia,71753,2021-04-17T00:00:00.000Z,3.0,0.0,0.0
107983,Magnolia,71753,2021-04-16T00:00:00.000Z,0.0,0.0,5.0
107983,Magnolia,71753,2021-04-15T00:00:00.000Z,14.0,0.0,3.0
107983,Magnolia,71753,2021-04-14T00:00:00.000Z,0.0,0.0,0.0
108092,Fort Smith,72913-3649,2021-04-21T00:00:00.000Z,14.0,0.0,0.0
108092,Fort Smith,72913-3649,2021-04-20T00:00:00.000Z,14.0,0.0,0.0
108092,Fort Smith,72913-3649,2021-04-19T00:00:00.000Z,24.0,0.0,0.0
108092,Fort Smith,72913-3649,2021-04-18T00:00:00.000Z,14.0,0.0,0.0
108092,Fort Smith,72913-3649,2021-04-17T00:00:00.000Z,2.0,0.0,0.0
108092,Fort Smith,72913-3649,2021-04-16T00:00:00.000Z,0.0,0.0,8.0
108092,Fort Smith,72913-3649,2021-04-15T00:00:00.000Z,11.0,0.0,0.0
108092,Fort Smith,72913-3649,2021-04-14T00:00:00.000Z,1.0,0.0,2.0
108232,San Francisco,94105,2021-04-21T00:00:00.000Z,5.0,0.0,0.0
108232,San Francisco,94105,2021-04-20T00:00:00.000Z,1.0,0.0,0.0
108232,San Francisco,94105,2021-04-19T00:00:00.000Z,9.0,0.0,0.0
108232,San Francisco,94105,2021-04-18T00:00:00.000Z,24.0,0.0,0.0
108232,San Francisco,94105,2021-04-17T00:00:00.000Z,14.0,0.0,0.0
108232,San Francisco,94105,2021-04-16T00:00:00.000Z,17.0,0.0,0.0
108232,San Francisco,94105,2021-04-15T00:00:00.000Z,24.0,0.0,0.0
108232,San Francisco,94105,2021-04-14T00:00:00.000Z,7.0,0.0,0.0
109086,San Francisco,94102,2021-04-21T00:00:00.000Z,5.0,0.0,0.0
109086,San Francisco,94102,2021-04-20T00:00:00.000Z,1.0,0.0,0.0
109086,San Francisco,94102,2021-04-19T00:00:00.000Z,9.0,0.0,0.0
109086,San Francisco,94102,2021-04-18T00:00:00.000Z,24.0,0.0,0.0
109086,San Francisco,94102,2021-04-17T00:00:00.000Z,14.0,0.0,0.0
109086,San Francisco,94102,2021-04-16T00:00:00.000Z,17.0,0.0,0.0
109086,San Francisco,94102,2021-04-15T00:00:00.000Z,24.0,0.0,0.0
109086,San Francisco,94102,2021-04-14T00:00:00.000Z,7.0,0.0,0.0
109350,Lancaster,93536-5426,2021-04-21T00:00:00.000Z,18.0,0.0,0.0
109350,Lancaster,93536-5426,2021-04-20T00:00:00.000Z,24.0,0.0,0.0
109350,Lancaster,93536-5426,2021-04-19T00:00:00.000Z,24.0,0.0,0.0
109350,Lancaster,93536-5426,2021-04-18T00:00:00.000Z,24.0,0.0,0.0
109350,Lancaster,93536-5426,2021-04-17T00:00:00.000Z,21.0,0.0,0.0
109350,Lancaster,93536-5426,2021-04-16T00:00:00.000Z,24.0,0.0,0.0
109350,Lancaster,93536-5426,2021-04-15T00:00:00.000Z,24.0,0.0,0.0
109350,Lancaster,93536-5426,2021-04-14T00:00:00.000Z,7.0,0.0,0.0
109651,Pasadena,91103,2021-04-21T00:00:00.000Z,1.0,0.0,0.0
109651,Pasadena,91103,2021-04-20T00:00:00.000Z,21.0,0.0,0.0
109651,Pasadena,91103,2021-04-19T00:00:00.000Z,24.0,0.0,0.0
109651,Pasadena,91103,2021-04-18T00:00:00.000Z,24.0,0.0,0.0
109651,Pasadena,91103,2021-04-17T00:00:00.000Z,20.0,0.0,0.0
109651,Pasadena,91103,2021-04-16T00:00:00.000Z,16.0,0.0,0.0
109651,Pasadena,91103,2021-04-15T00:00:00.000Z,23.0,0.0,0.0
109651,Pasadena,91103,2021-04-14T00:00:00.000Z,3.0,0.0,0.0
109785,Azusa,91702-7000,2021-04-21T00:00:00.000Z,2.0,0.0,0.0
109785,Azusa,91702-7000,2021-04-20T00:00:00.000Z,21.0,0.0,0.0
109785,Azusa,91702-7000,2021-04-19T00:00:00.000Z,24.0,0.0,0.0
109785,Azusa,91702-7000,2021-04-18T00:00:00.000Z,24.0,0.0,0.0
109785,Azusa,91702-7000,2021-04-17T00:00:00.000Z,20.0,0.0,0.0
109785,Azusa,91702-7000,2021-04-16T00:00:00.000Z,18.0,0.0,0.0
109785,Azusa,91702-7000,2021-04-15T00:00:00.000Z,11.0,0.0,0.0
109785,Azusa,91702-7000,2021-04-14T00:00:00.000Z,0.0,0.0,0.0
109819,Bakersfield,93305-1299,2021-04-21T00:00:00.000Z,18.0,0.0,0.0
109819,Bakersfield,93305-1299,2021-04-20T00:00:00.000Z,24.0,0.0,0.0
109819,Bakersfield,93305-1299,2021-04-19T00:00:00.000Z,24.0,0.0,0.0
109819,Bakersfield,93305-1299,2021-04-18T00:00:00.000Z,24.0,0.0,0.0
109819,Bakersfield,93305-1299,2021-04-17T00:00:00.000Z,24.0,0.0,0.0
109819,Bakersfield,93305-1299,2021-04-16T00:00:00.000Z,24.0,0.0,0.0
109819,Bakersfield,93305-1299,2021-04-15T00:00:00.000Z,24.0,0.0,0.0
109819,Bakersfield,93305-1299,2021-04-14T00:00:00.000Z,7.0,0.0,0.0
110060,Anaheim,92801,2021-04-21T00:00:00.000Z,0.0,0.0,0.0
110060,Anaheim,92801,2021-04-20T00:00:00.000Z,12.0,0.0,0.0
110060,Anaheim,92801,2021-04-19T00:00:00.000Z,24.0,0.0,0.0
110060,Anaheim,92801,2021-04-18T00:00:00.000Z,24.0,0.0,0.0
110060,Anaheim,92801,2021-04-17T00:00:00.000Z,16.0,0.0,0.0
110060,Anaheim,92801,2021-04-16T00:00:00.000Z,19.0,0.0,0.0
110060,Anaheim,92801,2021-04-15T00:00:00.000Z,20.0,0.0,0.0
110060,Anaheim,92801,2021-04-14T00:00:00.000Z,6.0,0.0,0.0
110097,La Mirada,90639-0001,2021-04-21T00:00:00.000Z,0.0,0.0,0.0
110097,La Mirada,90639-0001,2021-04-20T00:00:00.000Z,12.0,0.0,0.0
110097,La Mirada,90639-0001,2021-04-19T00:00:00.000Z,24.0,0.0,0.0
110097,La Mirada,90639-0001,2021-04-18T00:00:00.000Z,24.0,0.0,0.0
110097,La Mirada,90639-0001,2021-04-17T00:00:00.000Z,16.0,0.0,0.0
110097,La Mirada,90639-0001,2021-04-16T00:00:00.000Z,19.0,0.0,0.0
110097,La Mirada,90639-0001,2021-04-15T00:00:00.000Z,22.0,0.0,0.0
110097,La Mirada,90639-0001,2021-04-14T00:00:00.000Z,6.0,0.0,0.0
110219,Tempe,85281,2021-04-21T00:00:00.000Z,17.0,0.0,0.0
110219,Tempe,85281,2021-04-20T00:00:00.000Z,24.0,0.0,0.0
110219,Tempe,85281,2021-04-19T00:00:00.000Z,24.0,0.0,0.0
110219,Tempe,85281,2021-04-18T00:00:00.000Z,10.0,0.0,0.0
110219,Tempe,85281,2021-04-17T00:00:00.000Z,15.0,0.0,0.0
110219,Tempe,85281,2021-04-16T00:00:00.000Z,6.0,0.0,0.0
110219,Tempe,85281,2021-04-15T00:00:00.000Z,0.0,0.0,0.0
110219,Tempe,85281,2021-04-14T00:00:00.000Z,0.0,0.0,0.0
110316,San Francisco,94103,2021-04-21T00:00:00.000Z,5.0,0.0,0.0
110316,San Francisco,94103,2021-04-20T00:00:00.000Z,1.0,0.0,0.0
110316,San Francisco,94103,2021-04-19T00:00:00.000Z,9.0,0.0,0.0
110316,San Francisco,94103,2021-04-18T00:00:00.000Z,24.0,0.0,0.0
110316,San Francisco,94103,2021-04-17T00:00:00.000Z,14.0,0.0,0.0
110316,San Francisco,94103,2021-04-16T00:00:00.000Z,17.0,0.0,0.0
110316,San Francisco,94103,2021-04-15T00:00:00.000Z,24.0,0.0,0.0
110316,San Francisco,94103,2021-04-14T00:00:00.000Z,7.0,0.0,0.0
110361,Riverside,92504-3297,2021-04-21T00:00:00.000Z,0.0,0.0,0.0
110361,Riverside,92504-3297,2021-04-20T00:00:00.000Z,24.0,0.0,0.0
110361,Riverside,92504-3297,2021-04-19T00:00:00.000Z,24.0,0.0,0.0
110361,Riverside,92504-3297,2021-04-18T00:00:00.000Z,24.0,0.0,0.0
110361,Riverside,92504-3297,2021-04-17T00:00:00.000Z,19.0,0.0,0.0
110361,Riverside,92504-3297,2021-04-16T00:00:00.000Z,24.0,0.0,0.0
110361,Riverside,92504-3297,2021-04-15T00:00:00.000Z,22.0,0.0,0.0
110361,Riverside,92504-3297,2021-04-14T00:00:00.000Z,4.0,0.0,0.0
110370,San Francisco,94107-2247,2021-04-21T00:00:00.000Z,5.0,0.0,0.0
110370,San Francisco,94107-2247,2021-04-20T00:00:00.000Z,1.0,0.0,0.0
110370,San Francisco,94107-2247,2021-04-19T00:00:00.000Z,9.0,0.0,0.0
110370,San Francisco,94107-2247,2021-04-18T00:00:00.000Z,24.0,0.0,0.0
110370,San Francisco,94107-2247,2021-04-17T00:00:00.000Z,14.0,0.0,0.0
110370,San Francisco,94107-2247,2021-04-16T00:00:00.000Z,17.0,0.0,0.0
110370,San Francisco,94107-2247,2021-04-15T00:00:00.000Z,24.0,0.0,0.0
110370,San Francisco,94107-2247,2021-04-14T00:00:00.000Z,7.0,0.0,0.0
110404,Pasadena,91125,2021-04-21T00:00:00.000Z,2.0,0.0,0.0
110404,Pasadena,91125,2021-04-20T00:00:00.000Z,17.0,0.0,0.0
110404,Pasadena,91125,2021-04-19T00:00:00.000Z,24.0,0.0,0.0
110404,Pasadena,91125,2021-04-18T00:00:00.000Z,24.0,0.0,0.0
110404,Pasadena,91125,2021-04-17T00:00:00.000Z,17.0,0.0,0.0
110404,Pasadena,91125,2021-04-16T00:00:00.000Z,15.0,0.0,0.0
110404,Pasadena,91125,2021-04-15T00:00:00.000Z,15.0,0.0,0.0
110404,Pasadena,91125,2021-04-14T00:00:00.000Z,2.0,0.0,0.0
110413,Thousand Oaks,91360-2787,2021-04-21T00:00:00.000Z,2.0,0.0,0.0
110413,Thousand Oaks,91360-2787,2021-04-20T00:00:00.000Z,16.0,0.0,0.0
110413,Thousand Oaks,91360-2787,2021-04-19T00:00:00.000Z,24.0,0.0,0.0
110413,Thousand Oaks,91360-2787,2021-04-18T00:00:00.000Z,24.0,0.0,0.0
110413,Thousand Oaks,91360-2787,2021-04-17T00:00:00.000Z,19.0,0.0,0.0
110413,Thousand Oaks,91360-2787,2021-04-16T00:00:00.000Z,16.0,0.0,0.0
110413,Thousand Oaks,91360-2787,2021-04-15T00:00:00.000Z,3.0,0.0,0.0
110413,Thousand Oaks,91360-2787,2021-04-14T00:00:00.000Z,0.0,0.0,0.0
110422,San Luis Obispo,93407,2021-04-21T00:00:00.000Z,0.0,0.0,0.0
110422,San Luis Obispo,93407,2021-04-20T00:00:00.000Z,10.0,0.0,0.0
110422,San Luis Obispo,93407,2021-04-19T00:00:00.000Z,14.0,0.0,0.0
110422,San Luis Obispo,93407,2021-04-18T00:00:00.000Z,12.0,0.0,0.0
110422,San Luis Obispo,93407,2021-04-17T00:00:00.000Z,11.0,0.0,0.0
110422,San Luis Obispo,93407,2021-04-16T00:00:00.000Z,11.0,0.0,0.0
110422,San Luis Obispo,93407,2021-04-15T00:00:00.000Z,18.0,0.0,0.0
110422,San Luis Obispo,93407,2021-04-14T00:00:00.000Z,4.0,0.0,0.0
110468,San Diego,92131,2021-04-21T00:00:00.000Z,0.0,0.0,0.0
110468,San Diego,92131,2021-04-20T00:00:00.000Z,15.0,0.0,0.0
110468,San Diego,92131,2021-04-19T00:00:00.000Z,24.0,0.0,0.0
110468,San Diego,92131,2021-04-18T00:00:00.000Z,23.0,0.0,0.0
110468,San Diego,92131,2021-04-17T00:00:00.000Z,13.0,0.0,0.0
110468,San Diego,92131,2021-04-16T00:00:00.000Z,16.0,0.0,0.0
110468,San Diego,92131,2021-04-15T00:00:00.000Z,16.0,0.0,0.0
110468,San Diego,92131,2021-04-14T00:00:00.000Z,4.0,0.0,0.0
110486,Bakersfield,93311-1099,2021-04-21T00:00:00.000Z,18.0,0.0,0.0
110486,Bakersfield,93311-1099,2021-04-20T00:00:00.000Z,24.0,0.0,0.0
110486,Bakersfield,93311-1099,2021-04-19T00:00:00.000Z,24.0,0.0,0.0
110486,Bakersfield,93311-1099,2021-04-18T00:00:00.000Z,24.0,0.0,0.0
110486,Bakersfield,93311-1099,2021-04-17T00:00:00.000Z,24.0,0.0,0.0
110486,Bakersfield,93311-1099,2021-04-16T00:00:00.000Z,24.0,0.0,0.0
110486,Bakersfield,93311-1099,2021-04-15T00:00:00.000Z,24.0,0.0,0.0
110486,Bakersfield,93311-1099,2021-04-14T00:00:00.000Z,7.0,0.0,0.0
110495,Turlock,95382-0299,2021-04-21T00:00:00.000Z,17.0,0.0,0.0
110495,Turlock,95382-0299,2021-04-20T00:00:00.000Z,24.0,0.0,0.0
110495,Turlock,95382-0299,2021-04-19T00:00:00.000Z,24.0,0.0,0.0
110495,Turlock,95382-0299,2021-04-18T00:00:00.000Z,24.0,0.0,0.0
110495,Turlock,95382-0299,2021-04-17T00:00:00.000Z,24.0,0.0,0.0
110495,Turlock,95382-0299,2021-04-16T00:00:00.000Z,24.0,0.0,0.0
110495,Turlock,95382-0299,2021-04-15T00:00:00.000Z,24.0,0.0,0.0
110495,Turlock,95382-0299,2021-04-14T00:00:00.000Z,7.0,0.0,0.0
110510,San Bernardino,92407-2393,2021-04-21T00:00:00.000Z,1.0,0.0,0.0
110510,San Bernardino,92407-2393,2021-04-20T00:00:00.000Z,24.0,0.0,0.0
110510,San Bernardino,92407-2393,2021-04-19T00:00:00.000Z,24.0,0.0,0.0
110510,San Bernardino,92407-2393,2021-04-18T00:00:00.000Z,24.0,0.0,0.0
110510,San Bernardino,92407-2393,2021-04-17T00:00:00.000Z,14.0,0.0,0.0
110510,San Bernardino,92407-2393,2021-04-16T00:00:00.000Z,24.0,0.0,0.0
110510,San Bernardino,92407-2393,2021-04-15T00:00:00.000Z,10.0,0.0,0.0
110510,San Bernardino,92407-2393,2021-04-14T00:00:00.000Z,0.0,0.0,0.0
110529,Pomona,91768,2021-04-21T00:00:00.000Z,1.0,0.0,0.0
110529,Pomona,91768,2021-04-20T00:00:00.000Z,21.0,0.0,0.0
110529,Pomona,91768,2021-04-19T00:00:00.000Z,24.0,0.0,0.0
110529,Pomona,91768,2021-04-18T00:00:00.000Z,24.0,0.0,0.0
110529,Pomona,91768,2021-04-17T00:00:00.000Z,20.0,0.0,0.0
110529,Pomona,91768,2021-04-16T00:00:00.000Z,18.0,0.0,0.0
110529,Pomona,91768,2021-04-15T00:00:00.000Z,11.0,0.0,0.0
110529,Pomona,91768,2021-04-14T00:00:00.000Z,1.0,0.0,0.0
110538,Chico,95929-0150,2021-04-21T00:00:00.000Z,18.0,0.0,0.0
110538,Chico,95929-0150,2021-04-20T00:00:00.000Z,12.0,0.0,0.0
110538,Chico,95929-0150,2021-04-19T00:00:00.000Z,17.0,0.0,0.0
110538,Chico,95929-0150,2021-04-18T00:00:00.000Z,24.0,0.0,0.0
110538,Chico,95929-0150,2021-04-17T00:00:00.000Z,24.0,0.0,0.0
110538,Chico,95929-0150,2021-04-16T00:00:00.000Z,15.0,0.0,0.0
110538,Chico,95929-0150,2021-04-15T00:00:00.000Z,23.0,0.0,0.0
110538,Chico,95929-0150,2021-04-14T00:00:00.000Z,3.0,0.0,0.0
110547,Carson,90747-0005,2021-04-21T00:00:00.000Z,0.0,0.0,0.0
110547,Carson,90747-0005,2021-04-20T00:00:00.000Z,13.0,0.0,0.0
110547,Carson,90747-0005,2021-04-19T00:00:00.000Z,24.0,0.0,0.0
110547,Carson,90747-0005,2021-04-18T00:00:00.000Z,24.0,0.0,0.0
110547,Carson,90747-0005,2021-04-17T00:00:00.000Z,17.0,0.0,0.0
110547,Carson,90747-0005,2021-04-16T00:00:00.000Z,12.0,0.0,0.0
110547,Carson,90747-0005,2021-04-15T00:00:00.000Z,14.0,0.0,0.0
110547,Carson,90747-0005,2021-04-14T00:00:00.000Z,4.0,0.0,0.0
110556,Fresno,93740,2021-04-21T00:00:00.000Z,6.0,0.0,0.0
110556,Fresno,93740,2021-04-20T00:00:00.000Z,14.0,0.0,0.0
110556,Fresno,93740,2021-04-19T00:00:00.000Z,19.0,0.0,0.0
110556,Fresno,93740,2021-04-18T00:00:00.000Z,24.0,0.0,0.0
110556,Fresno,93740,2021-04-17T00:00:00.000Z,12.0,0.0,0.0
110556,Fresno,93740,2021-04-16T00:00:00.000Z,24.0,0.0,0.0
110556,Fresno,93740,2021-04-15T00:00:00.000Z,24.0,0.0,0.0
110556,Fresno,93740,2021-04-14T00:00:00.000Z,5.0,0.0,0.0
110565,Fullerton,92831-3599,2021-04-21T00:00:00.000Z,0.0,0.0,0.0
110565,Fullerton,92831-3599,2021-04-20T00:00:00.000Z,12.0,0.0,0.0
110565,Fullerton,92831-3599,2021-04-19T00:00:00.000Z,24.0,0.0,0.0
110565,Fullerton,92831-3599,2021-04-18T00:00:00.000Z,24.0,0.0,0.0
110565,Fullerton,92831-3599,2021-04-17T00:00:00.000Z,16.0,0.0,0.0
110565,Fullerton,92831-3599,2021-04-16T00:00:00.000Z,19.0,0.0,0.0
110565,Fullerton,92831-3599,2021-04-15T00:00:00.000Z,20.0,0.0,0.0
110565,Fullerton,92831-3599,2021-04-14T00:00:00.000Z,6.0,0.0,0.0
110574,Hayward,94542,2021-04-21T00:00:00.000Z,10.0,0.0,0.0
110574,Hayward,94542,2021-04-20T00:00:00.000Z,0.0,0.0,0.0
110574,Hayward,94542,2021-04-19T00:00:00.000Z,17.0,0.0,0.0
110574,Hayward,94542,2021-04-18T00:00:00.000Z,24.0,0.0,0.0
110574,Hayward,94542,2021-04-17T00:00:00.000Z,13.0,0.0,0.0
110574,Hayward,94542,2021-04-16T00:00:00.000Z,10.0,0.0,0.0
110574,Hayward,94542,2021-04-15T00:00:00.000Z,23.0,0.0,0.0
110574,Hayward,94542,2021-04-14T00:00:00.000Z,7.0,0.0,0.0
110583,Long Beach,90840-0115,2021-04-21T00:00:00.000Z,0.0,0.0,0.0
110583,Long Beach,90840-0115,2021-04-20T00:00:00.000Z,11.0,0.0,0.0
110583,Long Beach,90840-0115,2021-04-19T00:00:00.000Z,24.0,0.0,0.0
110583,Long Beach,90840-0115,2021-04-18T00:00:00.000Z,24.0,0.0,0.0
110583,Long Beach,90840-0115,2021-04-17T00:00:00.000Z,16.0,0.0,0.0
110583,Long Beach,90840-0115,2021-04-16T00:00:00.000Z,17.0,0.0,0.0
110583,Long Beach,90840-0115,2021-04-15T00:00:00.000Z,9.0,0.0,0.0
110583,Long Beach,90840-0115,2021-04-14T00:00:00.000Z,1.0,0.0,0.0
110592,Los Angeles,90032-8506,2021-04-21T00:00:00.000Z,1.0,0.0,0.0
110592,Los Angeles,90032-8506,2021-04-20T00:00:00.000Z,17.0,0.0,0.0
110592,Los Angeles,90032-8506,2021-04-19T00:00:00.000Z,24.0,0.0,0.0
110592,Los Angeles,90032-8506,2021-04-18T00:00:00.000Z,24.0,0.0,0.0
110592,Los Angeles,90032-8506,2021-04-17T00:00:00.000Z,17.0,0.0,0.0
110592,Los Angeles,90032-8506,2021-04-16T00:00:00.000Z,15.0,0.0,0.0
110592,Los Angeles,90032-8506,2021-04-15T00:00:00.000Z,10.0,0.0,0.0
110592,Los Angeles,90032-8506,2021-04-14T00:00:00.000Z,7.0,0.0,0.0
110608,Northridge,91330,2021-04-21T00:00:00.000Z,0.0,0.0,0.0
110608,Northridge,91330,2021-04-20T00:00:00.000Z,22.0,0.0,0.0
110608,Northridge,91330,2021-04-19T00:00:00.000Z,24.0,0.0,0.0
110608,Northridge,91330,2021-04-18T00:00:00.000Z,24.0,0.0,0.0
110608,Northridge,91330,2021-04-17T00:00:00.000Z,21.0,0.0,0.0
110608,Northridge,91330,2021-04-16T00:00:00.000Z,16.0,0.0,0.0
110608,Northridge,91330,2021-04-15T00:00:00.000Z,24.0,0.0,0.0
110608,Northridge,91330,2021-04-14T00:00:00.000Z,2.0,0.0,0.0
110617,Sacramento,95819-2694,2021-04-21T00:00:00.000Z,18.0,0.0,0.0
110617,Sacramento,95819-2694,2021-04-20T00:00:00.000Z,21.0,0.0,0.0
110617,Sacramento,95819-2694,2021-04-19T00:00:00.000Z,24.0,0.0,0.0
110617,Sacramento,95819-2694,2021-04-18T00:00:00.000Z,24.0,0.0,0.0
110617,Sacramento,95819-2694,2021-04-17T00:00:00.000Z,24.0,0.0,0.0
110617,Sacramento,95819-2694,2021-04-16T00:00:00.000Z,24.0,0.0,0.0
110617,Sacramento,95819-2694,2021-04-15T00:00:00.000Z,24.0,0.0,0.0
110617,Sacramento,95819-2694,2021-04-14T00:00:00.000Z,5.0,0.0,0.0
110635,Berkeley,94720,2021-04-21T00:00:00.000Z,4.0,0.0,0.0
110635,Berkeley,94720,2021-04-20T00:00:00.000Z,3.0,0.0,0.0
110635,Berkeley,94720,2021-04-19T00:00:00.000Z,11.0,0.0,0.0
110635,Berkeley,94720,2021-04-18T00:00:00.000Z,24.0,0.0,0.0
110635,Berkeley,94720,2021-04-17T00:00:00.000Z,14.0,0.0,0.0
110635,Berkeley,94720,2021-04-16T00:00:00.000Z,11.0,0.0,0.0
110635,Berkeley,94720,2021-04-15T00:00:00.000Z,22.0,0.0,0.0
110635,Berkeley,94720,2021-04-14T00:00:00.000Z,7.0,0.0,0.0
110644,Davis,95616-8678,2021-04-21T00:00:00.000Z,18.0,0.0,0.0
110644,Davis,95616-8678,2021-04-20T00:00:00.000Z,20.0,0.0,0.0
110644,Davis,95616-8678,2021-04-19T00:00:00.000Z,23.0,0.0,0.0
110644,Davis,95616-8678,2021-04-18T00:00:00.000Z,24.0,0.0,0.0
110644,Davis,95616-8678,2021-04-17T00:00:00.000Z,24.0,0.0,0.0
110644,Davis,95616-8678,2021-04-16T00:00:00.000Z,24.0,0.0,0.0
110644,Davis,95616-8678,2021-04-15T00:00:00.000Z,24.0,0.0,0.0
110644,Davis,95616-8678,2021-04-14T00:00:00.000Z,7.0,0.0,0.0
