UNITID,INSTNM,CITY,STABBR,ZIP,INSTURL,MAIN,NUMBRANCH,CONTROL,REGION,LOCALE,LATITUDE,LONGITUDE,CCBASIC,CCUGPROF,CCSIZSET,HBCU,PBI,ANNHI,TRIBAL,AANAPII,HSI,NANTI,MENONLY,WOMENONLY,RELAFFIL,ADM_RATE,ADM_RATE_ALL,SATVR25,SATVR75,SATMT25,SATMT75,SATVRMID,SATMTMID,ACTCM25,ACTCM75,ACTEN25,ACTEN75,ACTMT25,ACTMT75,ACTCMMID,ACTENMID,ACTMTMID,SAT_AVG,SAT_AVG_ALL,CIP01BACHL,CIP03BACHL,CIP04BACHL,CIP05BACHL,CIP09BACHL,CIP10BACHL,CIP11BACHL,CIP12BACHL,CIP13BACHL,CIP14BACHL,CIP15BACHL,CIP16BACHL,CIP19BACHL,CIP22BACHL,CIP23BACHL,CIP24BACHL,CIP25BACHL,CIP26BACHL,CIP27BACHL,CIP29BACHL,CIP30BACHL,CIP31BACHL,CIP38BACHL,CIP39BACHL,CIP40BACHL,CIP41BACHL,CIP42BACHL,CIP43BACHL,CIP44BACHL,CIP45BACHL,CIP46BACHL,CIP47BACHL,CIP48BACHL,CIP49BACHL,CIP50BACHL,CIP51BACHL,CIP52BACHL,CIP54BACHL,DISTANCEONLY,UGDS,UGDS_WHITE,UGDS_BLACK,UGDS_HISP,UGDS_ASIAN,UGDS_AIAN,UGDS_NHPI,UGDS_2MOR,UGDS_NRA,UGDS_UNKN,COSTT4_A,TUITIONFEE_IN,TUITIONFEE_OUT,TUITFTE,INEXPFTE,AVGFACSAL,PFTFAC,UG25ABV,COMP_ORIG_YR2_RT,COMP_ORIG_YR3_RT,COMP_ORIG_YR4_RT,COMP_ORIG_YR6_RT,COMP_ORIG_YR8_RT,OPEFLAG,ADMCON7,MDCOMP_ALL,UGDS_MEN,UGDS_WOMEN,MD_EARN_WNE_P6,PCT25_EARN_WNE_P6,PCT75_EARN_WNE_P6,COUNT_NWNE_1YR,COUNT_WNE_1YR,BOOKSUPPLY,ROOMBOARD_ON,OTHEREXPENSE_ON,ROOMBOARD_OFF,OTHEREXPENSE_OFF,C150_4,OVERALL_YR6_N,NPT4,NPT41,NPT42,NPT43,NPT44,NPT45,GPA_BOTTOM_TEN_PERCENT,CLIMATE_ZONE
100654,Alabama A & M University,Normal,AL,35762,www.aamu.edu/,1,1,1,5,12,34.783368,-86.568502,18,10,14,1,0,0,0,0,0,0,0,0,-1,0.9175,0.9175,430,510,410,500,470,455,15,19,14,20,15,18,17,17,17,939,939,1,1,1,0,0,1,1,0,1,1,1,0,1,0,1,1,0,1,1,0,0,1,0,0,1,0,1,1,1,1,0,0,0,0,1,0,2,0,0,5271,0.014,0.9072,0.0091,0.0019,0.0021,0.0011,0.0114,0.007,0.0461,23053,10024,18634,7870,5546,7709,0.711,0.0383,0.036073329,0.11443433,0.210526316,0.280772325,0.314393939,1,1,0.5845,0.3967,0.6033,28704,16621,43112,19,552,1600,9240,3090,9240,3090,0.2974,1243,14990,14310,13849,18405,19016,19419,2.5,Cfa
100663,University of Alabama at Birmingham,Birmingham,AL,35294-0110,https://www.uab.edu/,1,1,1,5,12,33.505697,-86.799345,15,9,15,0,0,0,0,0,0,0,0,0,-1,0.7366,0.7366,560,680,530,685,620,608,22,29,22,32,20,27,26,27,24,1234,1234,0,0,0,1,1,0,1,0,1,1,0,1,0,0,1,1,0,1,1,0,0,0,1,0,1,0,1,1,1,1,0,0,0,0,1,2,2,1,0,13328,0.5586,0.2414,0.0565,0.0678,0.0022,0.0003,0.0446,0.023,0.0056,24495,8568,20400,12096,14983,11049,0.7754,0.1996,0.145747708,0.327259204,0.461707585,0.536302395,0.524893863,1,1,0.5845,0.389,0.611,39271,25402,57882,127,2737,1200,12307,5555,12307,5555,0.634,2672,16953,14554,15526,18197,19455,19451,2.9,Cfa
100690,Amridge University,Montgomery,AL,36117-3553,www.amridgeuniversity.edu/,1,1,2,5,12,32.362609,-86.17401,20,5,6,0,0,0,0,0,0,0,0,0,74,,,,,,,,,,,,,,,,,,,,0,0,0,0,0,0,0,0,0,0,0,0,2,0,0,0,0,0,0,0,0,0,0,2,0,0,0,2,0,0,0,0,0,0,0,0,2,0,1,365,0.1863,0.7288,0.0164,0.0027,0.0027,0,0.0411,0,0.0219,14800,6950,6950,16403,5245,4187,1,0.8466,,0.0859375,0.162962963,0.141463415,0.239726027,1,,0.5845,0.2932,0.7068,32939,19587,50710,2,17,900,,,9600,1600,0.3333,205,8705,8705,,,,,,Cfa
100706,University of Alabama in Huntsville,Huntsville,AL,35899,www.uah.edu/,1,1,1,5,12,34.724557,-86.640449,16,15,12,0,0,0,0,0,0,0,0,0,-1,0.8257,0.8257,617,720,620,770,669,695,25,31,25,34,24,30,28,30,27,1319,1319,0,0,0,0,1,0,1,0,1,1,0,1,0,0,1,0,0,1,1,0,1,1,1,0,1,0,1,0,0,1,0,0,0,0,1,2,1,1,0,7785,0.7161,0.0879,0.0566,0.0347,0.01,0.0014,0.0361,0.0218,0.0353,23917,11122,23518,8275,8488,9688,0.6434,0.1543,0.165609584,0.313755796,0.464680851,0.529255319,0.485385297,1,1,0.5845,0.581,0.419,47533,28209,68584,36,1193,2120,10400,3994,10400,3994,0.5768,1128,15860,13010,13580,16306,17552,19231,2.9,Cfa
100724,Alabama State University,Montgomery,AL,36104-0271,www.alasu.edu/,1,1,1,5,12,32.364317,-86.295677,19,10,14,1,0,0,0,0,0,0,0,0,-1,0.969,0.969,450,510,430,510,480,470,15,19,14,20,15,17,17,17,16,946,946,0,0,0,0,1,0,1,0,1,1,0,0,0,0,1,0,0,1,1,0,1,1,0,0,1,0,2,1,1,1,0,0,0,0,1,1,1,1,0,3750,0.0163,0.9275,0.0099,0.0037,0.0021,0.0008,0.012,0.0147,0.0131,21866,11068,19396,9587,9346,7221,0.6501,0.0691,0.02650039,0.130295763,0.237909516,0.284132841,0.266284896,1,1,0.5845,0.3691,0.6309,25949,15137,36956,34,784,1600,6050,3392,7320,4228,0.3276,1897,13650,13531,13696,15166,11878,13573,2.5,Cfa
100751,The University of Alabama,Tuscaloosa,AL,35487-0100,www.ua.edu/,1,1,1,5,12,33.211875,-87.545978,15,14,16,0,0,0,0,0,0,0,0,0,-1,0.8268,0.8268,550,660,530,680,605,605,23,31,23,33,21,29,27,28,25,1261,1261,0,1,0,1,1,0,1,0,1,2,0,1,2,0,1,0,0,1,1,0,2,1,1,0,1,0,1,1,1,2,0,0,0,0,1,2,2,1,0,31900,0.7683,0.1008,0.0505,0.0119,0.0037,0.0012,0.0352,0.0235,0.005,29872,10780,30250,14694,9983,10291,0.7604,0.0828,0.105988968,0.419467651,0.569689592,0.621311823,0.586767399,1,1,0.5845,0.4451,0.5549,44485,29124,62269,205,5376,1000,13636,4600,13636,4600,0.711,4711,22597,19322,19863,23284,24108,25509,2.8,Cfa
100812,Athens State University,Athens,AL,35611,www.athens.edu/,1,1,1,5,31,34.806793,-86.964698,22,5,9,0,0,0,0,0,0,0,0,0,-1,,,,,,,,,,,,,,,,,,,,0,0,0,0,0,0,1,0,2,0,0,0,0,0,1,1,0,1,1,0,1,1,2,0,1,0,1,1,0,1,0,0,0,0,1,1,2,1,0,2677,0.7643,0.1281,0.0351,0.0075,0.0082,0.0015,0.0273,0,0.028,,,,6944,7540,8421,0.4808,0.5714,0.292740047,0.463054187,0.515715949,0.587987355,0.571428571,1,,0.5845,0.3153,0.6847,38536,25249,54258,42,962,,,,,,,949,,,,,,,FALSE,Cfa
100830,Auburn University at Montgomery,Montgomery,AL,36117-3596,www.aum.edu/,1,1,1,5,12,32.36736,-86.177544,18,9,13,0,1,0,0,0,0,0,0,0,-1,0.9044,0.9044,470,570,450,580,520,515,19,23,19,24,16,22,21,22,19,1082,1082,0,1,0,0,1,0,1,0,1,0,0,1,0,0,1,1,0,1,1,0,1,1,0,0,1,0,1,1,0,2,0,0,0,0,1,2,1,1,0,4407,0.4418,0.4187,0.012,0.0202,0.0043,0.0009,0.0359,0.0558,0.0104,19849,8620,18292,7847,6086,7927,0.9745,0.2063,0.105465005,0.172506739,0.24,0.334555454,0.284090909,1,1,0.5845,0.356,0.644,33326,20600,49648,35,754,1200,6980,3850,10296,3850,0.3401,1091,13987,12137,13461,15780,17215,16605,2.6,Cfa
100858,Auburn University,Auburn,AL,36849,www.auburn.edu/,1,1,1,5,13,32.599378,-85.488258,15,14,15,0,0,0,0,0,0,0,0,0,-1,0.8067,0.8067,580,650,570,670,615,620,25,31,25,33,23,28,28,29,26,1300,1300,1,1,1,0,1,0,1,0,1,1,0,1,1,0,1,0,0,1,1,0,1,0,1,0,1,0,1,0,1,1,0,0,0,1,1,1,1,1,0,24209,0.8003,0.0504,0.0345,0.0247,0.0028,0.0006,0.026,0.0576,0.0031,31590,11492,31124,16519,8664,10738,0.8751,0.0444,0.11790103,0.442147382,0.634894459,0.721088435,0.686336495,1,1,0.5845,0.5171,0.4829,49695,33227,68372,136,3551,1200,13600,5904,13600,5904,0.7911,2646,24104,18394,20326,24079,26518,27492,2.9,Cfa
100937,Birmingham-Southern College,Birmingham,AL,35254,www.bsc.edu/,1,1,2,5,12,33.513774,-86.850552,21,14,11,0,0,0,0,0,0,0,0,0,71,0.5381,0.5381,570,660,540,650,615,595,22,29,22,30,20,27,26,26,24,1230,1230,0,1,0,1,1,0,1,0,1,1,0,1,0,0,1,0,0,1,1,0,1,0,1,0,1,0,1,0,0,1,0,0,0,0,1,1,1,1,0,1205,0.7867,0.1386,0.0266,0.0216,0.0025,0,0.0091,0.0149,0,32095,18238,18238,10449,11077,6294,0.6839,0.0149,,0.618518519,0.620192308,0.594470046,0.604081633,1,5,0.5845,0.4739,0.5261,42523,26729,59716,10,197,1260,12402,3190,8000,4690,0.691,217,22107,19592,19625,20559,22617,25400,2.9,Cfa
101116,South University-Montgomery,Montgomery,AL,36116,"www.southuniversity.edu/montgomery#location=Montgomery, AL",0,9,3,5,12,32.342684,-86.216488,20,7,6,0,0,0,0,0,0,0,0,0,-1,,,,,,,,,,,,,,,,,,,,0,0,0,0,0,0,1,0,0,0,0,0,0,1,0,0,0,0,0,0,0,0,0,0,0,0,1,1,0,0,0,0,0,0,0,1,1,0,0,251,0.3108,0.6574,0.004,0.008,0.004,0.008,0,0,0.008,28258,17014,17014,12103,7001,4826,0.1053,0.6375,0.150019135,0.199648316,0.195733333,0.155170891,0.100743855,1,,0.5845,0.1912,0.8088,26001,14273,40239,239,4070,1500,,,6843,6317,0.1034,11323,20384,20384,,,,,FALSE,Cfa
101189,Faulkner University,Montgomery,AL,36109-3390,www.faulkner.edu/,1,1,2,5,12,32.384181,-86.21641,19,7,10,0,0,0,0,0,0,0,0,0,74,0.7833,0.7833,500,590,500,570,545,535,18,23,17,23,16,22,21,20,19,1066,1066,0,0,0,0,0,0,1,0,1,0,0,0,0,1,1,2,0,1,1,0,1,1,0,1,0,0,2,2,0,1,0,0,0,0,1,1,2,1,0,1928,0.4544,0.445,0.0275,0.0052,0.0047,0.0036,0.0239,0.0213,0.0145,34317,22310,22310,11127,5881,6001,0.5053,0.4334,0.22234763,0.302083333,0.307692308,0.335533553,0.319472617,1,1,0.5845,0.4123,0.5877,32902,19589,48437,38,643,1800,7925,4300,8200,4800,0.3287,909,20715,19355,19953,21419,21302,23259,2.6,Cfa
101365,Herzing University-Birmingham,Birmingham,AL,35209,https://www.herzing.edu/,0,9,2,5,21,33.468466,-86.832465,23,5,6,0,0,0,0,0,0,0,0,0,-1,0.7826,0.8312,,,,,,,,,,,,,,,,,,0,0,0,0,0,0,2,0,0,0,0,0,0,2,0,0,0,0,0,0,0,0,0,0,0,0,0,2,0,0,0,0,0,0,2,2,2,0,0,565,0.3168,0.6,0.0212,0.0035,0.0053,0.0053,0.0319,0,0.0159,30119,14200,14200,13128,3531,6076,0.5862,0.7513,0.258715068,0.31058883,0.316458792,0.332623169,0.311285745,1,2,0.5845,0.2124,0.7876,30259,17117,46166,136,2487,,,,10314,5805,0.28,3755,26680,26976,20250,29257,,,,Cfa
101435,Huntingdon College,Montgomery,AL,36106-2148,www.huntingdon.edu/,1,1,2,5,12,32.351034,-86.284366,22,8,7,0,0,0,0,0,0,0,0,0,71,0.5929,0.5929,530,595,505,585,563,545,17,24,19,24,16,23,21,22,20,1076,1076,0,0,0,0,1,0,0,0,1,0,0,0,0,0,1,0,0,1,1,0,0,1,1,1,1,0,1,1,0,1,0,0,0,0,1,1,1,1,0,1007,0.6832,0.1897,0.0497,0.007,0.007,0,0.0427,0,0.0209,36828,27400,27400,12259,6551,6678,0.464,0.1419,0.150837989,0.436746988,0.534743202,0.498694517,0.429799427,1,1,0.5845,0.4876,0.5124,37025,23949,51436,12,327,300,9950,1035,7950,1035,0.4942,383,21486,19380,19159,22611,23837,24102,2.7,Cfa
101453,Heritage Christian University,Florence,AL,35630-9977,www.hcu.edu/,1,1,2,5,13,34.856153,-87.663051,24,5,6,0,0,0,0,0,0,0,0,0,74,0.2353,0.2353,,,,,,,1,21,1,20,2,16,11,11,9,,,0,0,0,0,0,0,0,0,0,0,0,0,0,0,0,0,0,0,0,0,0,0,0,2,0,0,0,0,0,0,0,0,0,0,0,0,0,0,0,59,0.8136,0.0508,0.0678,0.0169,0,0,0.0339,0.0169,0,20695,11532,11532,4360,10875,4774,1,0.6102,,,,,,1,1,0.5845,0.9661,0.0339,32742,18181,50831,0,,1000,5745,3186,12663,4428,0.8,16,9990,9990,,,,,,Cfa
101480,Jacksonville State University,Jacksonville,AL,36265,www.jsu.edu/,1,1,1,5,23,33.822938,-85.765321,18,13,13,0,0,0,0,0,0,0,0,0,-1,0.5479,0.5479,480,590,450,570,535,510,18,24,17,25,16,23,21,21,20,1084,1084,0,0,0,0,1,0,1,0,1,0,1,1,2,0,1,2,0,1,1,0,0,1,0,0,1,0,1,1,2,1,0,0,0,0,1,1,1,1,0,6743,0.6966,0.2047,0.0059,0.0068,0.0034,0.0004,0,0.0187,0.0635,19004,11120,20840,7407,6748,7269,0.6903,0.1376,0.136741974,0.288755822,0.413108839,0.456186936,0.409399478,1,1,0.5845,0.4053,0.5947,34081,21459,47626,43,1562,1204,8000,1507,11367,2753,0.4133,1883,15559,12693,14338,16921,18743,19004,2.8,Cfa
101587,University of West Alabama,Livingston,AL,35470,www.uwa.edu/,1,1,1,5,43,32.588132,-88.186329,18,11,13,0,1,0,0,0,0,0,0,0,-1,0.3493,0.3493,440,520,420,500,480,460,18,22,16,21,18,24,20,19,21,1041,1041,0,0,0,0,2,0,0,0,2,0,2,0,0,0,1,0,0,1,1,0,1,1,0,0,1,0,2,0,0,1,0,0,0,0,0,1,2,1,0,2235,0.4528,0.4076,0.0157,0.0031,0.0049,0.0004,0.0228,0.0403,0.0523,21657,10990,20090,8766,7523,6481,0.4659,0.2675,0.04368932,0.089376054,0.124324324,0.250386399,0.341623037,1,1,0.5845,0.3946,0.6054,34478,22463,50124,6,189,1200,7510,3505,7200,3505,0.3503,647,15514,14254,15541,17948,15525,16699,2.6,Cfa
101675,Miles College,Fairfield,AL,35064-2621,www.miles.edu/,1,1,2,5,21,33.482442,-86.908751,22,11,11,1,0,0,0,0,0,0,0,0,55,,,,,,,,,,,,,,,,,,,,0,1,0,0,1,0,1,0,1,0,0,0,1,0,1,0,0,1,1,0,0,0,0,0,1,0,0,1,1,1,0,0,0,0,1,0,1,1,0,1452,0.0372,0.9311,0.0103,0.0007,0.0007,0,0.0165,0,0.0034,22300,12464,12464,4653,3350,4903,0.6471,0.1298,,,0.05312085,0.202295552,0.152459016,1,,0.5845,0.5021,0.4979,25928,14765,37343,8,150,250,7348,2832,10845,2992,0.25,697,14303,13850,14234,16364,14357,17812,2.4,Cfa
101693,University of Mobile,Mobile,AL,36613-2842,www.umobile.edu/,1,1,2,5,41,30.793247,-88.128934,22,13,11,0,0,0,0,0,0,0,0,0,75,0.4566,0.4566,540,590,470,570,565,520,20,27,19,28,17,25,24,24,21,1166,1166,0,0,0,0,1,0,1,0,1,0,0,0,1,0,1,2,0,1,1,0,1,1,2,1,0,0,2,0,0,1,0,0,0,0,1,1,2,1,0,1192,0.6753,0.1644,0.0126,0.0193,0.0193,0.0042,0.0252,0.0352,0.0445,36104,23860,23860,9720,7439,5192,1,0.1023,0.126126126,0.316742081,0.390070922,0.319095477,0.341573034,1,1,0.5845,0.3532,0.6468,33075,20839,48770,12,289,1800,9700,4750,9000,4800,0.549,398,17122,13263,13392,18654,21346,21357,2.8,Cfa
101709,University of Montevallo,Montevallo,AL,35115-6000,www.montevallo.edu/,1,1,1,5,21,33.10625,-86.865099,19,13,11,0,0,0,0,0,0,0,0,0,-1,0.532,0.532,520,620,510,620,570,565,20,25,20,27,17,24,23,24,21,1135,1135,0,1,0,0,1,0,0,0,1,0,0,1,1,0,1,0,0,1,1,0,0,1,0,0,1,0,1,0,1,1,0,0,0,0,1,1,1,1,0,2200,0.6845,0.1627,0.0518,0.0086,0.0027,0.0018,0.0409,0.0295,0.0173,24746,13708,26728,7918,12066,7756,0.7034,0.072,0.109259259,0.338596491,0.484652666,0.474242424,0.390328152,1,1,0.5845,0.3473,0.6527,32169,20414,43004,28,554,1020,9810,3180,9810,3180,0.5511,660,16435,13902,14901,17062,19756,19300,2.7,Cfa
101879,University of North Alabama,Florence,AL,35632-0001,www.una.edu/,1,1,1,5,13,34.806738,-87.681361,18,13,13,0,0,0,0,0,0,0,0,0,-1,0.8878,0.8878,520,610,495,570,565,533,20,26,20,27,17,24,23,24,21,1148,1148,0,0,0,0,1,0,1,2,1,0,1,2,1,0,1,0,0,1,1,0,2,1,0,0,1,0,1,2,1,2,0,0,0,0,1,2,2,2,0,5513,0.7422,0.1324,0.0327,0.0078,0.006,0.0007,0.031,0.0414,0.0058,20886,10620,20220,7774,7199,8336,1,0.1397,0.098540146,0.276297335,0.459230769,0.457777778,0.455994456,1,1,0.5845,0.3873,0.6127,35791,22499,48479,45,1167,1500,7830,2800,7830,2800,0.4858,1350,14130,11925,12787,14935,16255,16909,2.7,Cfa
101912,Oakwood University,Huntsville,AL,35896,https://www2.oakwood.edu/,1,1,2,5,12,34.756344,-86.652705,22,10,11,1,0,0,0,0,0,0,0,0,95,0.6473,0.6473,450,578,403,530,514,467,16,23,15,23,15,21,20,19,18,1010,1010,0,0,0,0,1,0,1,0,1,0,0,1,1,0,1,1,0,1,1,0,1,0,0,1,1,0,1,0,1,1,0,0,0,0,1,1,2,1,0,1442,0.0035,0.8044,0.0513,0.0035,0.0236,0,0,0.0742,0.0395,37169,19990,19990,15190,7680,5218,0.7787,0.1102,0.038202247,0.210126582,0.288372093,0.238188976,0.223880597,1,1,0.5845,0.4209,0.5791,28749,16734,45193,15,267,1500,9374,6900,9374,6900,0.5096,508,24274,23726,21356,25238,25350,26490,2.6,Cfa
102049,Samford University,Birmingham,AL,35229-2240,www.samford.edu/,1,1,2,5,21,33.464128,-86.791799,17,14,14,0,0,0,0,0,0,0,0,0,54,0.8331,0.8331,550,640,520,610,595,565,23,29,23,32,21,27,26,28,24,1223,1223,0,1,1,1,1,0,1,0,1,1,0,1,1,1,1,1,0,1,1,0,1,1,1,1,1,0,1,1,1,1,0,0,0,0,1,1,1,1,0,3585,0.8502,0.0667,0.0326,0.0103,0.002,0.0003,0.0232,0.0117,0.0031,47863,32850,32850,19803,15614,9079,0.9826,0.0248,0.156057495,0.599552573,0.662995595,0.661572052,0.633707865,1,5,0.5845,0.3336,0.6664,45778,29745,60756,20,611,1000,10980,4804,10800,5350,0.7639,458,29673,21953,22866,26741,32175,32715,3,Cfa
102058,Selma University,Selma,AL,36701,selmauniversity.edu/,1,1,2,5,32,32.420387,-87.032392,24,7,6,1,0,0,0,0,0,0,0,0,54,,,,,,,,,,,,,,,,,,,,0,0,0,0,0,0,0,0,1,0,0,0,0,0,0,1,0,1,0,0,0,0,0,1,0,0,0,0,0,0,0,0,0,0,0,0,1,0,0,310,0.0161,0.9742,0.0097,0,0,0,0,0,0,12510,7280,7280,15358,6990,2702,1,0.5613,,,,0.060344828,0.065315315,5,,0.5845,0.4323,0.5677,18990,9640,30925,1,,0,,,2100,500,0.0179,232,9229,9229,,,,,,Cfa
102094,University of South Alabama,Mobile,AL,36688-0002,www.southalabama.edu/,1,1,1,5,12,30.696033,-88.178711,16,13,16,0,0,0,0,0,0,0,0,0,-1,0.7869,0.7869,520,620,510,600,570,555,20,27,21,29,18,26,24,25,22,1166,1166,0,0,0,0,1,0,1,0,1,1,0,1,0,0,1,0,0,1,1,0,1,1,1,0,1,0,1,1,1,1,0,0,0,0,1,1,1,1,0,9380,0.6109,0.2213,0.0413,0.0317,0.0066,0.0011,0.0392,0.021,0.027,20792,8396,16292,9647,9602,7251,0.6219,0.1379,0.108767577,0.269931663,0.381877023,0.423347398,0.396954674,1,1,0.5845,0.4029,0.5971,36829,23272,53393,79,2483,1300,7800,4916,9178,4916,0.4629,2844,15501,11641,13079,16459,20422,20792,2.8,Cfa
102234,Spring Hill College,Mobile,AL,36608-1791,www.shc.edu/,1,1,2,5,12,30.694751,-88.138199,21,12,11,0,0,0,0,0,0,0,0,0,30,0.4978,0.4978,510,610,515,590,560,553,20,25,20,27,18,25,23,24,22,1131,1131,0,0,0,0,1,0,0,0,1,1,0,1,0,0,1,1,0,1,1,0,1,0,1,0,1,0,1,0,0,1,0,0,0,0,1,1,1,1,0,1156,0.6791,0.141,0.0363,0.013,0.0026,0.0026,0.0285,0.045,0.0519,55695,40648,40648,13098,7975,6627,0.696,0.0259,,,,,0.336870027,1,5,0.5845,0.3763,0.6237,37808,25401,51582,0,,1500,13652,3262,16474,3992,0.5568,261,22221,18332,21052,19684,24147,26127,2.8,Cfa
102270,Stillman College,Tuscaloosa,AL,35401,https://stillman.edu/,1,1,2,5,12,33.200006,-87.585278,21,15,8,1,0,0,0,0,0,0,0,0,66,0.3296,0.3296,,,,,,,,,,,,,,,,,,0,0,0,0,1,0,0,0,1,0,0,0,0,0,1,1,0,1,1,0,0,0,1,1,1,0,1,1,0,0,0,0,0,0,1,0,2,1,0,830,0.0422,0.8578,0,0.0012,0.0024,0.0024,0,0,0.094,25413,11292,11292,9763,2628,4845,0.7193,0.1452,0.074349442,0.095541401,0.19,0.298657718,0.24057971,1,2,0.5845,0.4843,0.5157,27831,18643,39132,4,111,2034,10194,4572,10194,4572,0.2716,298,18352,17814,17819,20378,19858,24352,2.5,Cfa
102298,Talladega College,Talladega,AL,35160,www.talladega.edu/,1,1,2,5,32,33.433472,-86.112704,21,11,8,1,0,0,0,0,0,0,0,0,76,,,,,,,,,,,,,,,,,,,,0,0,0,0,1,0,2,0,1,0,0,0,0,0,1,0,0,1,1,0,0,0,0,0,1,0,2,2,1,1,0,0,0,0,1,0,2,1,0,1169,0.024,0.8837,0.0359,0,0.0017,0.0017,0.0214,0.0282,0.0034,23745,13846,13846,7827,3602,5889,0.5059,0.1016,0.076923077,0.120915033,0.20754717,0.252650177,0.142857143,1,,0.5845,0.4636,0.5364,23545,13457,34688,5,133,1570,8872,4100,3200,4100,0.3398,566,15661,15550,16635,16866,,,2.5,Cfa
102368,Troy University,Troy,AL,36082-0001,www.troy.edu/,1,4,1,5,33,31.800672,-85.957094,18,7,15,0,0,0,0,0,0,0,0,0,-1,0.8757,0.8757,470,550,460,540,510,500,18,24,19,26,17,24,21,23,21,1079,1079,0,1,0,0,1,0,2,0,1,0,1,2,0,0,2,0,0,1,1,0,2,2,0,0,1,0,2,2,2,2,0,0,0,0,1,2,2,2,0,12595,0.526,0.3086,0.0398,0.0076,0.0035,0.0011,0.0339,0.0471,0.0324,19545,8908,16708,9384,6950,6657,0.4748,0.2847,0.083850932,0.177409262,0.214201183,0.292129032,0.264276474,1,1,0.5845,0.3725,0.6275,32760,19341,47846,77,1334,1300,6804,4766,7586,6766,0.4749,3875,14285,14062,16457,16281,15552,14941,2.7,Cfa
102377,Tuskegee University,Tuskegee,AL,36088-1920,www.tuskegee.edu/,1,1,2,5,32,32.4309,-85.708492,19,10,14,1,0,0,0,0,0,0,0,0,-1,0.5173,0.5173,460,558,420,540,509,480,18,23,17,24,16,22,21,21,19,1029,1029,1,1,1,0,1,0,1,0,1,1,0,0,1,0,1,0,0,1,1,0,0,0,0,0,1,0,1,0,1,1,0,0,0,0,0,1,1,1,0,2394,0.0042,0.8885,0.0121,0.0079,0.0038,0.005,0.0167,0,0.0618,39383,22614,22614,14855,11983,7224,0.8736,0.033,,0.263074485,0.415335463,0.523668639,0.490765172,1,1,0.5845,0.3622,0.6378,35093,21399,55785,18,503,1812,9844,6480,10055,6480,0.5186,676,34575,34799,33827,34515,34771,,2.6,Cfa
102395,United States Sports Academy,Daphne,AL,36526-7055,www.ussa.edu/,1,1,2,5,13,30.639329,-87.91163,32,5,6,0,0,0,0,0,0,0,0,0,-1,,,,,,,,,,,,,,,,,,,,0,0,0,0,0,0,0,0,1,0,0,0,0,0,0,0,0,0,0,0,0,2,0,0,0,0,0,0,0,0,0,0,0,0,0,0,0,0,0,211,0.6161,0.1611,0.109,0.0095,0,0,0.0616,0.0142,0.0284,,,,14764,6784,5450,0.44,0.7931,,,,0.259259259,0.461538462,1,,0.5845,0.8104,0.1896,40709,28556,66449,1,31,,,,,,,54,,,,,,,,Cfa
102553,University of Alaska Anchorage,Anchorage,AK,99508,www.uaa.alaska.edu/,1,1,1,8,11,61.190163,-149.82619,18,5,15,0,0,0,0,0,0,0,0,0,-1,0.8296,0.8296,,,,,,,,,,,,,,,,,,0,1,0,0,1,0,1,0,1,1,2,1,1,1,1,0,0,1,1,0,1,1,1,0,1,2,1,1,1,1,0,0,0,1,1,1,1,1,0,9257,0.5249,0.0326,0.0945,0.0808,0.0534,0.0334,0.1215,0.0208,0.038,20010,8103,28084,7462,12390,9124,0.5188,0.4101,0.083941606,0.137203166,0.204608661,0.2397682,0.242463533,1,2,0.5845,0.4189,0.5811,37355,20855,57181,79,1348,1440,11878,5292,9922,6002,0.2881,2761,12995,9986,12663,14966,17264,18311,2.8,Dfc
102580,Alaska Bible College,Palmer,AK,99645,www.akbible.edu/,1,1,2,8,32,61.598553,-149.111972,24,10,8,0,0,0,0,0,0,0,0,0,88,,,,,,,,,,,,,,,,,,,,0,0,0,0,0,0,0,0,0,0,0,0,0,0,0,0,0,0,0,0,0,0,0,1,0,0,0,0,0,0,0,0,0,0,0,0,0,0,0,30,0.8,0.0333,0.0333,0.0333,0.0333,0,0.0667,0,0,19851,9700,9700,8809,8794,2500,,0.25,,,,,,1,,0.5845,0.7,0.3,,,,1,,600,5800,4178,9173,5977,0.4,12,18217,18217,,,,,,Dfc
102614,University of Alaska Fairbanks,Fairbanks,AK,99775,www.uaf.edu/,1,1,1,8,23,64.85756,-147.823146,16,5,13,0,0,1,0,0,0,1,0,0,-1,0.7599,0.7599,520,650,510,630,585,570,17,25,15,25,17,25,21,20,21,1121,1121,0,1,0,2,2,0,1,0,2,1,0,1,2,0,1,1,0,1,1,0,1,2,1,0,1,0,2,2,2,1,0,0,0,0,1,0,2,2,0,4410,0.4993,0.0361,0.0864,0.0188,0.1308,0.0082,0.1059,0.0129,0.1016,18558,7080,21216,8300,18537,9658,0.6068,0.4797,0.095238095,0.181994192,0.227915194,0.262057878,0.250371471,1,1,0.5845,0.4224,0.5776,35456,18442,55077,48,643,2000,10440,2650,12050,4250,0.3497,1244,10333,7133,7341,10729,14970,16353,2.8,Dfc
102632,University of Alaska Southeast,Juneau,AK,99801-8697,www.uas.alaska.edu/,1,1,1,8,33,58.384846,-134.638255,19,5,9,0,0,1,0,0,0,1,0,0,-1,0.6057,0.6057,,,,,,,,,,,,,,,,,,0,1,0,2,0,0,0,0,2,0,0,0,0,0,1,2,0,1,1,0,2,1,0,0,0,0,0,0,0,2,0,0,0,0,0,0,2,0,0,1156,0.5519,0.0078,0.0874,0.0234,0.1029,0.0329,0.1073,0.0043,0.0822,18063,6696,20832,8082,15945,8374,0.5625,0.5467,0.080586081,0.148698885,0.19269103,0.373177843,0.283813747,1,2,0.5845,0.3227,0.6773,35319,19769,51745,10,220,1400,9200,2448,10872,3716,0.2579,343,11787,9605,13747,9061,15877,17100,2.7,Dfc
102669,Alaska Pacific University,Anchorage,AK,99508,www.alaskapacific.edu/,1,1,2,8,11,61.190968,-149.804168,20,7,7,0,0,1,0,0,0,0,0,0,71,0.8924,0.8924,,,,,,,,,,,,,,,,,,0,1,0,2,0,0,0,0,0,0,0,0,0,0,1,1,0,1,0,0,1,1,0,0,1,0,1,0,2,0,0,0,0,0,0,2,2,0,0,318,0.3711,0.0314,0.0755,0.022,0.2484,0.0157,0.1226,0,0.1132,34315,20760,20760,12163,13719,5769,0.4419,0.4629,0.150684932,0.361445783,0.46969697,0.481012658,0.438461538,1,3,0.5845,0.283,0.717,33401,21478,55926,4,71,1200,8230,4410,17200,4350,0.4483,79,18602,19580,14365,17782,25915,13965,,Dfc
102845,Charter College,Vancouver,WA,98683-7575,https://www.chartercollege.edu/,1,1,3,8,12,45.617798,-122.494766,23,10,9,0,0,0,0,0,0,0,0,0,-1,,,,,,,,,,,,,,,,,,,,0,0,0,0,0,0,2,0,0,0,0,0,0,0,0,0,0,0,0,0,0,0,0,0,0,0,0,0,0,0,0,0,0,1,0,2,2,0,0,2474,0.3557,0.0578,0.2146,0.0024,0.0719,0.053,0.1536,0,0.0909,35954,18161,18161,6566,2105,4569,0.3439,0.5901,0.58477347,0.527994067,0.51110214,0.537852113,0.533418476,1,,0.5845,0.2583,0.7417,29515,16332,40897,158,2240,0,,,7187,8104,0.435,2272,29523,28940,28771,31168,33160,32073,2.5,Csb
104151,Arizona State University Campus Immersion,Tempe,AZ,85287,www.asu.edu/,1,13,1,6,12,33.417721,-111.934383,15,15,16,0,0,0,0,0,0,0,0,0,-1,0.8647,0.8189,560,670,560,690,615,625,22,28,21,29,22,28,25,25,25,1230,1214,0,1,1,1,1,1,1,0,1,1,1,1,1,1,1,0,0,1,1,0,1,0,1,0,1,0,1,0,0,1,0,0,0,0,1,1,1,1,0,44038,0.4927,0.0383,0.2266,0.0853,0.0112,0.0017,0.0477,0.0884,0.0082,26296,11338,29428,22116,16734,11736,0.7887,0.0877,0.171580497,0.375634766,0.497125502,0.601409125,0.611453156,1,1,0.5845,0.5525,0.4475,46621,30705,67591,995,17383,1171,13164,3430,9684,4412,0.6349,14619,11706,7044,8921,14033,17373,18583,2.8,BWh
104179,University of Arizona,Tucson,AZ,85721-0066,https://www.arizona.edu/,1,2,1,6,11,32.232672,-110.950815,15,11,15,0,0,0,0,0,1,0,0,0,-1,0.8459,0.8459,560,670,550,690,615,620,21,29,20,29,20,28,25,25,24,1228,1228,1,2,2,2,2,0,2,0,2,2,1,1,1,2,1,1,0,1,1,2,2,0,2,0,2,2,2,1,1,2,0,0,0,0,1,2,2,2,0,33715,0.4977,0.0386,0.2709,0.0532,0.0117,0.0023,0.0499,0.0624,0.0133,27417,12711,36718,15311,13781,11256,0.7567,0.1113,0.112948518,0.380340508,0.494081476,0.575732357,0.544127631,1,5,0.5845,0.4644,0.5356,43784,29148,65024,303,6167,800,13050,3500,10350,5800,0.6471,6008,15016,10562,11466,15399,20200,21260,2.9,BSh
104586,Embry-Riddle Aeronautical University-Prescott,Prescott,AZ,86301-3720,prescott.erau.edu/,0,2,2,6,41,34.616766,-112.449741,22,14,10,0,0,0,0,0,0,0,0,0,-1,0.657,0.6234,,,,,,,,,,,,,,,,,,0,0,0,0,0,0,0,0,0,1,0,0,0,0,0,0,0,0,0,0,1,0,0,0,1,0,1,1,0,1,0,0,0,1,1,0,1,0,0,2885,0.6222,0.0149,0.1359,0.0565,0.0045,0.0059,0.0624,0.069,0.0288,53046,36708,36708,27214,13845,9256,0.722,0.0722,0.071048951,0.233216579,0.394239703,0.433176629,0.414356248,1,5,0.5845,0.7362,0.2638,62242,43236,84241,91,2771,1400,11718,4710,11718,4710,0.6878,2978,35396,31082,32661,35323,35342,37926,FALSE,BSk
104717,Grand Canyon University,Phoenix,AZ,85017,www.gcu.edu/,1,1,3,6,11,33.513231,-112.129929,17,5,15,0,0,0,0,0,0,0,0,0,-1,0.7694,0.7694,,,,,,,,,,,,,,,,,,0,1,0,0,2,0,2,0,2,1,1,1,1,0,2,0,0,1,0,0,0,2,0,2,1,0,0,2,2,2,0,0,0,0,2,2,2,2,0,57629,0.4791,0.1604,0.2165,0.0313,0.0095,0.0064,0.0417,0.0103,0.0449,31213,17800,17800,11551,2082,6749,0.0812,0.569,0.178477082,0.317185756,0.393330765,0.359049034,0.287276822,1,2,0.5845,0.2879,0.7121,34441,18696,58349,545,15197,800,7800,5700,7800,5700,0.4079,16825,21020,18405,18704,21380,23545,23423,2.8,BSh
105297,Dine College,Tsaile,AZ,86556,https://www.dinecollege.edu/,1,1,1,6,43,36.293328,-109.21684,33,7,9,0,0,1,1,0,0,0,0,0,-1,,,,,,,,,,,,,,,,,,,,0,0,0,1,0,0,0,0,1,0,0,1,0,0,0,0,0,1,0,0,0,0,0,0,0,0,1,0,0,0,0,0,0,0,1,1,1,0,0,1377,0.0029,0,0.0015,0.0015,0.9891,0,0,0.0051,0,13887,1410,1410,376,10461,5957,0.6154,0.4593,0.038071066,0.056213018,0.088772846,0.127659574,0.095959596,1,,0.5845,0.3043,0.6957,22467,10964,33756,2,25,1400,4940,4950,4610,7260,0.1226,658,11050,10879,11240,11821,12514,,2.5,BSk
105330,Northern Arizona University,Flagstaff,AZ,86011-4092,https://nau.edu/,1,1,1,6,13,35.188449,-111.653724,16,11,16,0,0,0,0,0,1,0,0,0,-1,0.8489,0.8489,,,,,,,,,,,,,,,,,,0,1,0,1,2,0,1,0,2,1,0,1,0,1,1,2,0,1,1,0,2,2,1,0,1,2,2,0,2,2,0,0,0,0,1,2,2,1,0,26135,0.5485,0.0319,0.2532,0.0217,0.0264,0.0029,0.0572,0.0411,0.0171,27129,11896,26516,7787,6904,8431,0.663,0.1735,0.191246569,0.428316478,0.518185969,0.532831378,0.523374726,1,2,0.5845,0.38,0.62,41369,28002,57959,239,6709,1000,10534,4720,10646,4720,0.5664,5711,12915,9251,9799,12675,16535,18652,2.8,Csb
105367,Ottawa University-Phoenix,Phoenix,AZ,85021,www.ottawa.edu/,0,5,2,6,11,33.572173,-112.113001,20,7,6,0,0,0,0,0,1,0,0,0,52,,0.2412,,,,,,,,,,,,,,,,,1017,0,0,0,0,2,0,2,0,2,0,0,0,0,0,2,2,0,0,2,0,0,0,0,2,0,0,2,2,2,0,0,0,0,0,2,2,2,2,0,383,0.5405,0.1018,0.2715,0.0183,0.0209,0,0.0052,0,0.0418,,,,8265,1670,6603,0.7143,0.8256,0.252392344,0.366197183,0.37922403,0.332503113,0.288981289,1,,0.5845,0.2559,0.7441,42665,26953,62039,22,616,,,,,,,803,,,,,,,,BSh
105534,Pima Medical Institute-Tucson,Tucson,AZ,85712,pmi.edu/,1,14,3,6,11,32.248067,-110.878783,26,10,9,0,0,0,0,0,0,0,0,0,-1,,,,,,,,,,,,,,,,,,,,0,0,0,0,0,0,0,0,0,0,0,0,0,0,0,0,0,0,0,0,0,0,0,0,0,0,0,0,0,0,0,0,0,0,0,2,0,0,0,1931,0.3698,0.0653,0.4096,0.0414,0.0166,0.0041,0.087,0,0.0062,,,,9043,3339,5896,0.5914,0.6774,0.679266348,0.68743237,0.692901909,0.696234187,0.646119672,1,,0.5845,0.1932,0.8068,31568,19256,43770,476,8569,,,,,,0.6989,6798,,,,,,,FALSE,BSh
105589,Prescott College,Prescott,AZ,86301,https://www.prescott.edu/,1,1,2,6,13,34.5452,-112.477185,20,13,7,0,0,0,0,0,0,0,0,0,-1,0.9741,0.9741,,,,,,,,,,,,,,,,,,0,2,0,0,0,0,0,0,2,0,0,0,0,0,2,2,0,0,0,0,2,1,0,0,0,0,2,0,0,1,0,0,0,0,1,2,2,0,0,465,0.6903,0.028,0.0473,0.0129,0.0237,0.0043,0.071,0.0043,0.1183,43039,32553,32553,14567,6439,5095,0.3696,0.2903,0.230088496,0.321428571,0.23015873,0.27607362,0.255230126,1,5,0.5845,0.3312,0.6688,28834,17112,41616,5,53,982,9520,1444,8162,1444,0.325,163,18798,15482,20697,20493,21297,27141,,BSk
105899,Arizona Christian University,Glendale,AZ,85306-3216,arizonachristian.edu/,1,1,2,6,21,33.622952,-112.181776,22,11,7,0,0,0,0,0,0,0,0,0,88,0.6793,0.6793,450,550,440,530,500,485,15,21,14,20,16,20,18,17,18,982,982,0,0,0,0,1,0,0,0,2,0,0,0,0,0,0,0,0,1,0,0,0,0,0,2,0,0,2,0,0,1,0,0,0,0,0,0,2,0,0,803,0.4558,0.1494,0.2391,0.0137,0.0075,0.0025,0.0535,0.0448,0.0336,39360,27890,27890,12266,7311,5377,0.186,0.0931,0.128113879,0.267489712,0.27037037,0.174157303,0.310559006,1,1,0.5845,0.6376,0.3624,35500,21787,52962,5,135,1400,11048,5000,10500,6000,0.5,178,21374,20415,22709,20849,21176,21614,FALSE,BSh
106245,University of Arkansas at Little Rock,Little Rock,AR,72204,ualr.edu/www/,1,1,1,5,12,34.723254,-92.339778,16,9,12,0,0,0,0,0,0,0,0,0,-1,0.6582,0.6582,,,,,,,19,25,19,26,17,25,22,23,21,1120,1120,0,0,0,0,2,0,1,0,2,1,2,1,0,1,2,2,0,1,2,0,2,0,1,0,1,0,2,2,2,2,0,0,0,0,1,2,2,1,0,5900,0.4864,0.2719,0.0439,0.022,0.0037,0,0.1322,0.0369,0.0029,21590,9544,21754,5652,8055,6908,0.9704,0.3598,0.14822335,0.231738035,0.283056812,0.288760551,0.325188805,1,1,0.5845,0.3686,0.6314,35410,22638,51795,55,1363,1500,8556,4630,8811,5670,0.4272,2251,14906,13936,16775,14482,15024,17717,2.6,Cfa
106263,University of Arkansas for Medical Sciences,Little Rock,AR,72205-7199,www.uams.edu/,1,1,1,5,12,34.749048,-92.320046,25,7,10,0,0,0,0,0,0,0,0,0,-1,,,,,,,,,,,,,,,,,,,,0,0,0,0,0,0,0,0,0,0,0,0,0,0,0,0,0,0,0,0,0,0,0,0,0,0,0,0,0,0,0,0,0,0,0,2,0,0,0,649,0.6903,0.1032,0.0724,0.0308,0.0062,0.0031,0.0262,0.0123,0.0555,,,,18406,48155,9354,0.8471,0.467,0.79638009,0.74,0.845864662,0.83974359,0.745810056,1,,0.5845,0.1664,0.8336,60527,43796,89199,12,575,,,,,,,312,,,,,,,FALSE,Cfa
106306,Arkansas Baptist College,Little Rock,AR,72202-6068,www.arkansasbaptist.edu/,1,1,2,5,12,34.734751,-92.290555,23,11,8,1,0,0,0,0,0,0,0,0,54,,,,,,,,,,,,,,,,,,,,0,0,0,0,0,0,0,0,1,0,0,0,0,0,0,0,0,0,0,0,0,0,1,0,0,0,0,1,1,0,0,0,0,0,1,0,1,0,0,531,0.1394,0.7853,0.0151,0.0019,0.0056,0,0.0038,0.0056,0.0433,21955,8760,8760,7002,2087,4367,0.3953,0.1996,0.04950495,0.078651685,0.067092652,0.041958042,0.052259887,1,,0.5845,0.7721,0.2279,21762,12167,34819,4,39,1000,8826,4474,7780,4474,0.0784,572,19029,19114,16811,20377,21405,16455,2.5,Cfa
106342,Lyon College,Batesville,AR,72501,www.lyon.edu/,1,1,2,5,33,35.777619,-91.625354,21,14,8,0,0,0,0,0,0,0,0,0,66,0.444,0.444,520,620,520,580,570,550,21,26,20,27,21,25,24,24,23,1165,1165,0,0,0,0,0,0,1,0,1,0,0,1,0,0,1,0,0,1,1,0,0,0,1,0,1,0,1,0,0,1,0,0,0,0,1,0,1,1,0,650,0.5462,0.0938,0.0631,0.0462,0.0277,0,0,0.0138,0.2092,40422,29140,29140,9987,13087,6577,1,0.0242,,0.072164948,0.093117409,0.5,0.36036036,1,1,0.5845,0.5631,0.4369,30527,19816,44668,3,54,1500,9810,2000,9810,2000,0.538,166,15447,15784,13851,15503,13862,16305,2.7,Cfa
106397,University of Arkansas,Fayetteville,AR,72701,https://www.uark.edu/,1,1,1,5,13,36.070009,-94.176981,15,15,16,0,0,0,0,0,0,0,0,0,-1,0.7709,0.7709,570,650,550,650,610,600,23,30,23,31,22,28,27,27,25,1253,1253,1,1,1,1,2,0,1,0,1,1,0,1,1,0,1,0,0,1,1,0,2,1,1,0,1,0,1,1,1,1,0,0,0,0,1,2,2,1,0,22766,0.7557,0.0398,0.093,0.0255,0.0092,0.0008,0.043,0.0263,0.0067,23390,9384,25872,9926,11121,10058,0.8514,0.0789,0.104272635,0.39769821,0.543859649,0.573354069,0.549072412,1,1,0.5845,0.4617,0.5383,43807,28098,62063,164,4022,1100,11330,4330,11330,4330,0.6621,3858,16381,12094,13132,16336,18927,19959,2.9,Cfa
106412,University of Arkansas at Pine Bluff,Pine Bluff,AR,71601,www.uapb.edu/,1,1,1,5,13,34.244031,-92.018683,22,10,11,1,0,0,0,0,0,0,0,0,-1,0.4394,0.4394,440,530,450,520,485,485,16,20,15,21,16,19,18,18,18,978,978,1,1,0,0,1,0,1,0,1,0,1,0,1,0,1,1,0,1,1,0,0,0,0,0,1,0,1,1,1,1,0,0,0,0,1,1,1,0,0,2333,0.0287,0.9023,0.0231,0.0039,0.0039,0.0009,0.0197,0.0137,0.0039,19108,8248,14908,4248,7617,5807,0.8133,0.089,0.07239819,0.217821782,0.345661451,0.317679558,0.254368932,1,1,0.5845,0.4068,0.5932,26331,15326,36519,24,455,1000,8472,3544,4846,4574,0.3345,724,12320,11207,11543,15071,16071,15998,2.5,Cfa
106458,Arkansas State University,Jonesboro,AR,72401,www.astate.edu/,1,1,1,5,13,35.842388,-90.679988,16,9,13,0,0,0,0,0,0,0,0,0,-1,0.7991,0.7991,510,610,503,610,560,557,21,27,21,29,19,26,24,25,23,1188,1188,1,1,0,0,2,0,1,0,1,1,1,1,0,0,1,2,0,1,1,0,1,1,1,0,1,0,2,2,1,2,0,0,0,0,1,2,1,1,0,8159,0.7397,0.134,0.037,0.0088,0.0037,0.0006,0.0218,0.0465,0.008,21756,8900,15860,4083,5162,7216,0.7,0.1755,0.163904236,0.326171875,0.41322314,0.377399381,0.372463316,1,1,0.5845,0.4046,0.5954,32687,20086,46643,60,2440,1250,9672,4566,9108,4566,0.5302,3230,13406,10948,11672,14235,15613,16640,2.7,Cfa
106467,Arkansas Tech University,Russellville,AR,72801-2222,www.atu.edu/,1,1,1,5,33,35.293237,-93.13562,18,10,13,0,0,0,0,0,0,0,0,0,-1,0.9474,0.9474,,,,,,,,,,,,,,,,,,1,1,0,0,1,0,1,0,1,1,0,1,0,0,1,0,0,1,1,0,2,1,0,0,1,0,1,2,0,1,0,0,0,0,1,2,2,2,0,7930,0.7438,0.0786,0.0787,0.0134,0.0059,0.0011,0.0454,0.0332,0,18358,7668,13236,4788,5255,6868,0.9946,0.1396,0.151593454,0.316221766,0.381415241,0.422984836,0.390495868,1,2,0.5845,0.4528,0.5472,32177,19697,45706,95,1826,1240,7967,2731,12281,4125,0.3836,2506,10772,9842,9496,11663,13062,12966,2.6,Cfa
106485,University of Arkansas at Monticello,Monticello,AR,71656,www.uamont.edu/,1,1,1,5,33,33.590909,-91.811153,19,10,10,0,0,0,0,0,0,0,0,0,-1,,,,,,,,,,,,,,,,,,,,1,1,0,0,1,0,0,0,2,0,1,1,0,0,1,2,0,1,1,0,1,1,0,0,1,0,1,1,1,1,0,0,0,0,1,1,1,1,0,2115,0.5991,0.2832,0.0336,0.0028,0.0014,0,0.0704,0.0076,0.0019,17957,7909,13759,4061,8170,5765,1,0.1743,0.145,0.183279743,0.242512077,0.258353708,0.213302752,1,,0.5845,0.4303,0.5697,26554,15694,40253,32,425,1200,7058,3826,7524,4986,0.2947,1227,12136,11326,11158,13201,16148,15445,2.6,Cfa
106704,University of Central Arkansas,Conway,AR,72035-0001,www.uca.edu/,1,1,1,5,13,35.077945,-92.457672,17,13,13,0,0,0,0,0,0,0,0,0,-1,0.9042,0.9042,490,580,470,580,535,525,21,27,21,29,19,25,24,25,22,1187,1187,0,1,0,1,1,0,1,0,1,1,0,1,1,0,1,1,0,1,1,0,1,1,1,0,1,0,1,0,1,2,0,0,0,0,1,1,2,1,0,8557,0.6645,0.162,0.0582,0.0224,0.0057,0.0007,0.0427,0.0417,0.0021,22041,9188,15998,5599,8227,7121,0.7652,0.0977,0.107244995,0.280276817,0.331390508,0.381953028,0.371191136,1,1,0.5845,0.391,0.609,34259,21189,48660,64,1707,1200,7198,6317,6843,6317,0.4341,2427,15376,13549,14002,14880,17783,18658,2.7,Cfa
106713,Central Baptist College,Conway,AR,72034,www.cbc.edu/,1,1,2,5,13,35.083838,-92.445021,22,11,7,0,0,0,0,0,0,0,0,0,54,0.4,0.4,418,520,440,543,469,492,17,22,18,22,17,22,20,20,20,1027,1027,0,0,0,0,1,0,0,0,1,0,0,0,0,0,2,2,0,1,0,0,0,1,0,1,0,0,2,0,0,0,0,0,0,0,1,1,2,1,0,600,0.6867,0.155,0.0567,0.005,0.02,0.0017,0.03,0.0267,0.0183,26290,16650,16650,9822,3395,5304,0.2667,0.2177,0.089201878,0.158371041,0.112068966,0.111607143,0.240458015,1,1,0.5845,0.53,0.47,33652,22747,50642,0,,1350,7500,2254,5076,2572,0.2627,224,16619,16071,13183,15795,17906,19030,FALSE,Cfa
106810,Crowley's Ridge College,Paragould,AR,72450,www.crc.edu/,1,1,2,5,41,36.064845,-90.584395,22,10,8,0,0,0,0,0,0,0,0,0,74,,,,,,,,,,,,,,,,,,,,0,0,0,0,0,0,0,0,1,0,0,0,0,0,0,1,0,0,0,0,1,1,0,1,0,0,0,0,0,0,0,0,0,0,0,0,1,0,0,162,0.821,0.1358,0.0123,0.0123,0,0,0,0,0.0185,21793,14500,14500,8218,3951,4005,0.9474,0.0374,,0.181818182,0.310810811,0.416666667,0.179104478,1,,0.5845,0.5556,0.4444,28886,16739,39232,1,36,600,6350,2360,6350,3360,0.2222,72,13796,12161,14020,13018,15924,16250,,Cfa
107044,Harding University,Searcy,AR,72149-5615,www.harding.edu/,1,2,2,5,32,35.247386,-91.726143,17,14,14,0,0,0,0,0,0,0,0,0,74,0.6134,0.6134,540,640,520,630,590,575,21,29,22,32,20,27,25,27,24,1204,1204,0,0,0,0,1,0,1,0,1,1,0,1,1,0,1,1,0,1,1,0,1,1,0,1,1,0,1,1,1,1,0,0,0,0,1,1,1,1,0,3749,0.809,0.0472,0.0384,0.0088,0.0027,0.0016,0.0331,0.0584,0.0008,30490,20735,20735,14455,10436,7375,0.7929,0.0429,0.07995365,0.327233584,0.612698413,0.649021864,0.589123867,1,1,0.5845,0.4556,0.5444,39240,24873,53460,31,937,1200,7170,2806,7170,2806,0.6862,869,19375,13930,15735,18132,21923,22291,2.7,Cfa
107071,Henderson State University,Arkadelphia,AR,71999-0001,https://www.hsu.edu/,1,1,1,5,32,34.128155,-93.059703,19,13,11,0,0,0,0,0,0,0,0,0,-1,0.7564,0.7564,480,568,483,558,524,521,19,24,19,25,17,24,22,22,21,1102,1102,0,0,0,0,1,0,1,0,1,1,0,1,1,0,1,1,0,1,1,0,0,1,0,0,1,0,1,1,1,1,0,0,0,1,1,2,1,1,0,2965,0.6405,0.1997,0.059,0.0111,0.0037,0.0074,0.06,0.0101,0.0084,20560,8902,10612,3199,5908,6837,0.9955,0.093,0.114025086,0.247881356,0.299796748,0.344413666,0.295918367,1,1,0.5845,0.4293,0.5707,32627,20169,44746,18,569,2000,7880,6318,10000,6318,0.3874,1083,10270,9810,10514,10707,10956,12172,2.6,Cfa
107080,Hendrix College,Conway,AR,72032-3080,www.hendrix.edu/,1,1,2,5,13,35.101565,-92.443256,21,14,11,0,0,0,0,0,0,0,0,0,71,0.6996,0.6996,580,690,570,670,635,620,26,32,25,35,24,29,29,30,27,1324,1324,0,1,0,0,0,0,1,0,0,0,0,1,0,0,1,0,0,1,1,0,1,0,1,0,1,0,1,0,0,1,0,0,0,0,1,1,1,1,0,1104,0.6078,0.0697,0.0661,0.0317,0,0,0.0335,0.0172,0.1739,62983,47600,47600,11188,14011,7474,1,0.0027,,0.582089552,0.576576577,0.649769585,0.446721311,1,5,0.5845,0.4783,0.5217,38321,24435,52515,14,241,1100,12460,2900,9592,2900,0.7074,217,19295,9654,12668,17377,23089,27437,3,Cfa
107141,John Brown University,Siloam Springs,AR,72761,www.jbu.edu/,1,1,2,5,32,36.189812,-94.560283,19,15,11,0,0,0,0,0,0,0,0,0,-1,0.7577,0.7577,540,640,520,620,590,570,23,29,23,32,22,27,26,28,25,1237,1237,0,0,0,0,1,0,0,0,1,1,0,1,1,0,1,1,0,1,1,0,1,1,1,1,1,0,1,0,0,1,0,0,0,0,1,1,2,1,0,1447,0.7374,0.0166,0.0781,0.0124,0.0124,0.0014,0.0504,0.0684,0.0228,39802,27668,27668,11839,9575,7083,0.9843,0.108,0.227621483,0.550458716,0.616628176,0.606837607,0.485587583,1,1,0.5845,0.3974,0.6026,41915,28069,62402,21,482,800,9456,2850,2500,2850,0.7162,468,21963,17426,16791,20666,23588,25359,3,Cfa
107512,Ouachita Baptist University,Arkadelphia,AR,71998-0001,www.obu.edu/,1,1,2,5,32,34.126093,-93.052471,22,12,11,0,0,0,0,0,0,0,0,0,75,0.6143,0.6143,530,630,530,620,580,575,21,28,21,31,19,27,25,26,23,1194,1194,0,1,0,0,1,0,1,0,1,1,0,1,1,0,1,0,0,1,1,0,2,1,1,1,1,0,1,0,0,1,0,0,0,0,1,1,1,1,0,1524,0.8038,0.0722,0.0584,0.0079,0.0039,0.0007,0.0282,0.0249,0,38590,27900,27900,9488,9092,6374,1,0.0147,0.082066869,0.566572238,0.552469136,0.566552901,0.587878788,1,1,0.5845,0.4239,0.5761,38561,26217,51716,9,232,1100,8000,3200,9280,4000,0.631,293,19815,13042,17879,20185,21443,22671,2.7,Cfa
107558,University of the Ozarks,Clarksville,AR,72830,https://www.ozarks.edu/,1,1,2,5,33,35.476278,-93.467221,22,10,8,0,0,0,0,0,0,0,0,0,66,0.5019,0.5019,450,510,420,540,480,480,18,23,16,23,17,23,21,20,20,1046,1046,0,1,0,0,1,0,0,0,1,0,0,1,0,0,1,1,0,1,1,0,1,0,1,0,1,0,1,0,0,1,0,0,0,0,1,1,1,1,0,812,0.4384,0.0677,0.1145,0.0086,0.0086,0.0012,0.0382,0.2599,0.0628,33866,25950,25950,9090,7791,6720,0.7353,0.0255,0.060773481,0.335135135,0.4,0.492063492,0.306451613,1,5,0.5845,0.4914,0.5086,32401,21486,44935,4,88,,7600,2400,7600,2400,0.5253,126,12924,10414,11386,12166,17551,18683,2.6,Cfa
107600,Philander Smith College,Little Rock,AR,72202-3799,https://www.philander.edu/,1,1,2,5,12,34.737131,-92.283015,22,10,8,1,0,0,0,0,0,0,0,0,71,,,,,,,,,,,,,,,,,,,,0,0,0,0,0,0,1,0,1,0,0,0,0,0,1,0,0,1,1,0,1,1,1,0,1,0,1,2,1,1,0,0,0,0,0,0,1,0,0,996,0.003,0.9217,0.01,0.001,0.001,0.003,0.0181,0.0341,0.008,26302,13014,13014,8299,4746,5808,1,0.0964,0.06122449,0.179775281,0.258426966,0.36,0.349557522,1,,0.5845,0.3614,0.6386,25327,14163,36468,6,100,1200,8250,3641,12134,4879,0.437,200,14141,13987,13873,13662,17836,13756,2.5,Cfa
107877,Williams Baptist University,Walnut Ridge,AR,72476,https://williamsbaptistuniversity.com/,1,1,2,5,42,36.125676,-90.940277,21,13,8,0,0,0,0,0,0,0,0,0,75,0.5878,0.5878,440,460,510,530,450,520,18,23,17,23,16,22,21,20,19,1062,1062,0,0,0,0,0,0,1,0,1,0,0,0,0,0,1,1,0,1,0,0,0,1,0,1,0,0,1,2,0,0,0,0,0,0,1,0,1,1,0,512,0.7285,0.1309,0.041,0,0.0039,0.002,0.0215,0.0723,0,28664,18060,18060,7836,4879,5468,1,0.0475,0.105691057,0.296774194,0.428571429,0.365853659,0.261538462,1,1,0.5845,0.5352,0.4648,32457,21126,42660,5,114,1250,8296,3110,7700,3730,0.391,164,18444,17845,16764,18767,20073,19506,2.5,Cfa
107983,Southern Arkansas University Main Campus,Magnolia,AR,71753,https://www.saumag.edu/,1,1,1,5,33,33.291618,-93.235922,18,12,14,0,0,0,0,0,0,0,0,0,-1,0.6506,0.6506,458,600,508,568,529,538,18,24,18,25,17,24,21,22,21,1085,1085,1,0,0,0,1,0,1,0,1,1,0,1,0,0,1,1,0,1,1,0,0,1,0,0,1,0,1,1,1,1,0,0,0,0,1,1,1,1,0,3164,0.6596,0.2405,0.0458,0.0066,0.0044,0.0006,0.0218,0.0205,0,22579,9080,13580,4330,6260,6850,0.6641,0.0982,0.222903885,0.331910352,0.405813953,0.423220974,0.359617682,1,1,0.5845,0.4444,0.5556,32077,19702,46200,29,580,1600,7188,5882,7188,7495,0.4362,801,14270,13158,12615,15245,16364,17923,2.6,Cfa
108092,University of Arkansas-Fort Smith,Fort Smith,AR,72913-3649,uafs.edu/,1,1,1,5,13,35.384184,-94.373729,22,11,12,0,0,0,0,0,0,0,0,0,-1,,,,,,,,,,,,,,,,,,,,0,0,0,0,1,0,1,0,1,0,1,1,0,0,1,1,0,1,1,0,0,0,0,0,1,0,1,2,1,1,0,0,0,0,1,1,2,1,0,4883,0.6424,0.0367,0.1378,0.0528,0.0193,0.001,0.0985,0.0115,0,16391,5754,13026,3477,6429,6986,0.672,0.1946,0.098670399,0.206703911,0.292652553,0.310840708,0.285373988,1,,0.5845,0.402,0.598,31022,18548,44860,66,1072,1605,9039,4481,10977,4481,0.3495,1808,9637,7838,8392,11238,13078,13647,2.5,Cfa
108232,Academy of Art University,San Francisco,CA,94105,www.academyart.edu/,1,1,3,8,11,37.787943,-122.400578,18,5,12,0,0,0,0,0,0,0,0,0,-1,,,,,,,,,,,,,,,,,,,,0,0,2,0,2,2,2,0,2,0,2,0,2,0,0,0,0,0,0,0,0,0,0,0,0,0,0,0,0,0,0,0,0,0,2,0,2,0,0,6570,0.1511,0.0632,0.1082,0.0528,0.0046,0.0053,0.0283,0.2563,0.3301,41945,23412,23412,28785,14424,8678,0.2086,0.409,0.017735334,0.048013968,0.12168837,0.174892704,0.197245018,1,,0.5845,0.4339,0.5661,30780,16135,47794,152,1066,1972,17510,3830,15086,5386,0.4468,2796,34145,29390,34125,38617,36626,39042,2.7,Csb
109086,American Conservatory Theater,San Francisco,CA,94102,www.act-sf.org/,1,1,2,8,11,37.786923,-122.410265,30,0,6,0,0,0,0,0,0,0,0,0,-1,,,,,,,,,,,,,,,,,,,,0,0,0,0,0,0,0,0,0,0,0,0,0,0,0,0,0,0,0,0,0,0,0,0,0,0,0,0,0,0,0,0,0,0,0,0,0,0,0,1,1,0,0,0,0,0,0,0,0,,30456,30456,25415,16588,10514,1,0.2222,,,,,,1,3,0.5845,1,0,,,,0,,500,,,14670,5706,,,,,,,,,,Csb
109350,Antelope Valley College,Lancaster,CA,93536-5426,www.avc.edu/,1,1,1,8,21,34.676207,-118.186166,14,5,12,0,0,0,0,0,1,0,0,0,-1,,,,,,,,,,,,,,,,,,,,0,0,0,0,0,0,0,0,0,0,0,0,0,0,0,0,0,0,0,0,0,0,0,0,0,0,0,0,0,0,0,1,0,0,0,0,0,0,0,12334,0.1567,0.1395,0.5803,0.0353,0.0035,0.0016,0.0439,0.0013,0.0379,12595,1124,6380,447,5292,8669,0.1913,0.333,0.084289931,0.122435897,0.107293869,0.099473684,0.113402062,1,,0.5845,0.423,0.577,27265,13680,42912,77,432,900,,,10000,2800,0.2726,3800,4775,4272,4381,6721,9455,,2.7,Csb
109651,Art Center College of Design,Pasadena,CA,91103,www.artcenter.edu/,1,1,2,8,12,34.169031,-118.185102,30,13,9,0,0,0,0,0,0,0,0,0,-1,0.7084,0.7084,,,,,,,,,,,,,,,,,,0,0,1,0,0,1,1,0,0,0,1,0,0,0,0,0,0,0,0,0,0,0,0,0,0,0,0,0,0,0,0,0,0,0,1,0,0,0,0,2034,0.1244,0.0138,0.0988,0.3328,0.0015,0.0034,0.0349,0.3889,0.0015,64316,44932,44932,35307,21751,7947,0.2543,0.2221,0.043046358,0.28440367,0.560344828,0.724035608,0.691056911,1,3,0.5845,0.4341,0.5659,52191,23631,84551,54,437,4000,,,13530,6492,0.6852,337,47080,42297,42394,42445,48624,55963,2.9,Csb
109785,Azusa Pacific University,Azusa,CA,91702-7000,www.apu.edu/,1,1,2,8,21,34.130047,-117.888375,16,13,14,0,0,0,0,0,0,0,0,0,88,0.6748,0.6748,520,630,510,630,575,570,20,26,19,27,18,26,23,23,22,1146,1146,0,0,0,1,1,0,1,0,1,1,0,1,0,0,1,1,0,1,1,0,0,1,1,1,1,0,1,1,1,1,0,0,0,0,1,2,1,1,0,5128,0.3569,0.0614,0.3403,0.1,0.0037,0.0094,0.0657,0.0324,0.0302,53117,40220,40220,20173,10966,9007,0.4,0.1898,0.176179775,0.427012278,0.553795994,0.570609003,0.318447634,1,5,0.5845,0.3422,0.6578,49365,29704,73817,85,2160,1972,10916,3718,15086,5274,0.6796,2266,26293,21179,23272,23455,26968,32469,2.8,Csb
109819,Bakersfield College,Bakersfield,CA,93305-1299,www.bakersfieldcollege.edu/,1,1,1,8,11,35.40911,-118.973753,14,5,15,0,0,0,0,0,1,0,0,0,-1,,,,,,,,,,,,,,,,,,,,0,0,0,0,0,0,0,0,0,0,1,0,0,0,0,0,0,0,0,0,0,0,0,0,0,0,0,0,0,0,0,0,0,0,0,0,0,0,0,19945,0.1782,0.0487,0.6734,0.0391,0.0033,0.001,0.0327,0.0029,0.0208,12415,1325,7737,494,5524,10430,0.4946,0.288,0.012429644,0.019985196,0.030843043,0.036480687,0.032969584,1,,0.5845,0.4435,0.5565,27051,15007,41030,11,131,1971,,,14189,4690,0.1996,3262,4720,4086,4716,7199,9025,,2.6,BSk
110060,Bethesda University,Anaheim,CA,92801,www.buc.edu/,1,1,2,8,11,33.842295,-117.941323,24,10,6,0,0,0,0,0,0,0,0,0,99,,,,,,,,,,,,,,,,,,,,0,0,0,0,0,0,1,0,2,0,0,0,0,0,0,0,0,0,0,0,0,0,0,2,0,0,0,0,0,0,0,0,0,0,1,0,2,0,0,258,0.0659,0.1202,0.1318,0.1395,0,0,0.0233,0.5194,0,22018,8095,8095,6633,1002,2083,0.1311,0.3953,,,0.146341463,0.212121212,,1,,0.5845,0.7016,0.2984,37107,24770,54499,3,24,400,,,10320,6724,0.2623,66,16133,14797,17175,19779,20418,,,Csa
110097,Biola University,La Mirada,CA,90639-0001,https://www.biola.edu/,1,1,2,8,21,33.906203,-118.014374,17,13,14,0,0,0,0,1,0,0,0,0,88,0.6985,0.6985,550,660,530,650,605,590,21,28,21,29,19,27,25,25,23,1198,1198,0,1,0,0,1,0,1,0,2,1,0,1,0,0,1,1,0,1,1,0,1,1,1,2,1,0,2,0,0,1,0,0,0,0,1,1,2,1,0,4031,0.4542,0.0275,0.2074,0.1506,0.0027,0.0079,0.0635,0.0501,0.036,55950,41976,41976,22801,12479,7676,0.6093,0.0688,0.100728155,0.466970387,0.624349636,0.660455487,0.674168297,1,1,0.5845,0.3672,0.6328,42464,24745,60631,41,1076,1970,11514,3716,11514,3716,0.7386,966,31859,25135,25855,29212,32123,37873,2.9,BSk
110219,Bryan University,Tempe,AZ,85281,bryanuniversity.edu/,1,1,3,6,12,33.437779,-111.944197,26,11,9,0,0,0,0,0,0,0,0,0,-1,,,,,,,,,,,,,,,,,,,,0,0,0,0,0,0,0,0,0,0,0,0,0,2,0,0,0,0,0,0,0,0,0,0,0,0,0,0,0,0,0,0,0,0,0,2,2,0,0,1115,0.4224,0.2072,0.0709,0.0063,0.0054,0.0036,0.0735,0,0.2108,22092,10075,10075,18380,7617,5128,0.1446,0.8413,0.231168831,0.231404959,0.255039439,0.225378788,0.24437299,1,,0.5845,0.3193,0.6807,32320,17498,47609,74,451,,,,7420,4000,0.2011,528,17472,17293,16948,17738,20983,22092,,BWh
110316,California Institute of Integral Studies,San Francisco,CA,94103,www.ciis.edu/,1,1,2,8,11,37.774924,-122.416102,17,11,9,0,0,0,0,0,0,0,0,0,-1,,,,,,,,,,,,,,,,,,,,0,0,0,0,0,0,0,0,0,0,0,0,0,0,0,0,0,0,0,0,1,0,0,0,0,0,2,0,0,0,0,0,0,0,0,0,0,0,0,69,0.5942,0.087,0.1739,0.0435,0,0,0.0725,0.0145,0.0145,,,,26117,12316,8549,0.2886,0.8551,0.533333333,0.66,0.583333333,0.786885246,0.8,1,,0.5845,0.2609,0.7391,33918,18525,72036,9,68,,,,,,,61,,,,,,,,Csb
110361,California Baptist University,Riverside,CA,92504-3297,www.calbaptist.edu/,1,1,2,8,11,33.929321,-117.425619,18,13,13,0,0,0,0,0,1,0,0,0,75,0.7828,0.7828,500,610,490,600,555,545,18,24,17,24,17,24,21,21,21,1096,1096,0,1,1,0,2,0,2,0,2,1,1,1,0,0,2,2,0,1,1,0,1,2,2,2,1,0,2,2,2,2,0,0,0,1,2,2,2,1,0,8170,0.3853,0.0638,0.3638,0.0596,0.0062,0.0099,0.0562,0.0225,0.0327,46261,34882,34882,19276,9109,9815,0.4411,0.2156,0.168915775,0.38287037,0.515646894,0.556655121,0.396956246,1,1,0.5845,0.3756,0.6244,46036,27844,69168,101,1861,1970,9660,3716,15082,5274,0.6298,2021,24707,20277,21716,23255,26285,31836,2.7,Csa
110370,California College of the Arts,San Francisco,CA,94107-2247,www.cca.edu/,1,1,2,8,11,37.767485,-122.399451,30,13,10,0,0,0,0,0,0,0,0,0,-1,0.8503,0.8503,,,,,,,,,,,,,,,,,,0,0,1,0,0,1,0,0,0,0,0,0,0,0,1,0,0,0,0,0,1,0,0,0,0,0,0,0,0,0,0,0,1,0,1,0,0,0,0,1455,0.1931,0.0405,0.1402,0.1436,0.0096,0.0062,0.0137,0.4344,0.0186,66348,51092,51092,32968,18626,9728,0.2392,0.1221,0.160621762,0.422885572,0.639405204,0.591269841,0.568627451,1,3,0.5845,0.3567,0.6433,38110,19500,64537,32,323,1500,14071,3450,11855,4160,0.6379,252,33876,28555,32503,28699,36018,47959,2.8,Csb
110404,California Institute of Technology,Pasadena,CA,91125,www.caltech.edu/,1,1,2,8,12,34.137349,-118.125878,15,14,11,0,0,0,0,0,0,0,0,0,-1,0.0642,0.0642,740,760,790,800,750,795,35,36,35,36,35,36,36,36,36,1557,1557,0,0,0,0,0,0,1,0,0,1,0,0,0,0,1,0,0,1,1,0,1,0,1,0,1,0,0,0,0,1,0,0,0,0,0,0,1,1,0,938,0.2697,0.0171,0.1716,0.3657,0,0.0011,0.0896,0.0842,0.0011,72084,54600,54600,19794,105185,20595,0.9289,0.0064,,0.775862069,,,,1,1,0.5845,0.5469,0.4531,129420,,204209,10,151,1428,16644,2091,14631,4311,0.9357,66,24274,5456,3756,8042,12788,48851,3.6,Csb
110413,California Lutheran University,Thousand Oaks,CA,91360-2787,www.callutheran.edu/,1,1,2,8,12,34.224566,-118.878924,18,13,13,0,0,0,0,0,1,0,0,0,39,0.7142,0.7142,540,630,530,620,585,575,21,27,21,27,19,27,24,24,23,1168,1168,0,1,0,0,1,0,1,0,0,1,0,1,0,0,1,1,0,1,1,0,1,1,1,1,1,0,1,0,0,1,0,0,0,0,1,0,2,1,0,3077,0.4088,0.037,0.3718,0.0481,0.0016,0.0049,0.0718,0.0299,0.026,58375,44382,44382,19232,9495,10402,1,0.1098,0.2300123,0.582865169,0.691876751,0.698727016,0.630727763,1,1,0.5845,0.4368,0.5632,49746,31676,68532,37,672,1971,14100,3817,15084,4374,0.6833,707,26489,18173,18578,22493,27108,34092,3,Csb
110422,California Polytechnic State University-San Luis Obispo,San Luis Obispo,CA,93407,calpoly.edu/,1,1,1,8,23,35.299513,-120.657311,18,14,16,0,0,0,0,1,0,0,0,0,-1,0.2842,0.2842,620,700,620,740,660,680,26,32,26,34,26,32,29,30,29,1342,1342,1,1,1,1,1,1,1,0,1,1,1,1,1,0,1,1,0,1,1,0,1,1,1,0,1,0,1,0,0,1,0,0,0,0,1,1,1,1,0,20453,0.5364,0.0084,0.1757,0.1365,0.0014,0.0022,0.077,0.0214,0.0411,28302,9943,23833,9472,10471,10598,0.6936,0.0333,0.134712838,0.554624909,0.749815225,0.758301807,0.699272066,1,1,0.5845,0.518,0.482,66662,43148,93641,127,3679,1941,14208,2835,14706,2835,0.8202,2379,21595,12475,14680,19407,22585,27103,3.2,Csb
110468,Alliant International University-San Diego,San Diego,CA,92131,https://www.alliant.edu/,1,6,3,8,11,32.897056,-117.094398,17,5,9,0,0,0,0,0,0,0,0,0,-1,0.6667,0.6667,,,,,,,,,,,,,,,,,,0,0,0,0,0,0,0,0,0,0,0,0,1,0,0,0,0,0,0,0,0,0,0,0,0,0,1,1,0,1,0,0,0,0,0,0,1,0,0,327,0.4037,0.0734,0.1927,0.0856,0,0,0.0245,0.1346,0.0856,,14880,14880,19764,7333,8695,0.875,0.3962,0.630136986,0.416666667,0.5,0.301886792,0.647058824,1,3,0.5845,0.4159,0.5841,48168,28853,59328,6,264,1972,,,15080,5692,0.16,53,,,,,,,,BSk
110486,California State University-Bakersfield,Bakersfield,CA,93311-1099,www.csub.edu/,1,1,1,8,11,35.350005,-119.104711,18,13,12,0,0,0,0,0,1,0,0,0,-1,0.8071,0.8071,,,,,,,,,,,,,,,,,,1,1,0,0,1,0,1,0,1,1,0,1,0,0,1,1,0,1,1,0,1,1,1,0,1,0,1,1,1,1,0,0,0,0,1,1,1,1,0,9750,0.1463,0.0461,0.5951,0.0619,0.0043,0.0017,0.0227,0.0433,0.0787,16660,7419,19299,3545,6505,9640,0.4915,0.2186,0.036285603,0.114803625,0.215113783,0.409234948,0.408423115,1,2,0.5845,0.3772,0.6228,40335,24507,61339,59,844,2058,12900,2654,13215,3283,0.4298,2209,5318,3423,3880,7564,11743,13737,2.6,BSh
110495,California State University-Stanislaus,Turlock,CA,95382-0299,https://www.csustan.edu/,1,1,1,8,23,37.52577,-120.852511,18,13,12,0,0,0,0,0,1,0,0,0,-1,0.8929,0.8929,,,,,,,,,,,,,,,,,,1,0,0,1,1,0,1,0,1,0,0,1,0,0,1,1,0,1,1,0,1,1,1,0,1,0,1,1,0,1,0,0,0,0,1,2,1,1,0,9686,0.1957,0.0225,0.5639,0.0915,0.0025,0.004,0.0332,0.039,0.0476,16549,7542,19422,4763,8235,9678,0.5115,0.1981,0.271730619,0.374291939,0.534340659,0.628718535,0.503832397,1,2,0.5845,0.3475,0.6525,44551,27302,61943,131,2375,1700,11078,2504,13216,2904,0.5868,1748,6019,3410,3958,7772,12381,14897,2.6,Csa
110510,California State University-San Bernardino,San Bernardino,CA,92407-2393,www.csusb.edu/,1,1,1,8,12,34.182622,-117.323801,18,11,15,0,0,0,0,0,1,0,0,0,-1,0.6856,0.6856,460,550,450,540,505,495,15,19,14,19,16,19,17,17,18,985,985,0,1,0,1,1,0,1,0,1,1,0,1,1,0,1,1,0,1,1,0,1,1,1,0,1,0,1,2,1,1,0,0,0,0,1,1,1,1,0,17963,0.1072,0.0464,0.6719,0.05,0.0017,0.0013,0.0214,0.0665,0.0337,18313,6885,18765,3541,7041,9808,0.4995,0.1966,0.252688172,0.365183246,0.553033812,0.646672145,0.644904911,1,1,0.5845,0.3928,0.6072,42079,26404,61848,282,4377,1971,13435,2568,16189,2982,0.5498,3651,7342,5077,5869,8924,13611,17250,2.6,Csa
110529,California State Polytechnic University-Pomona,Pomona,CA,91768,www.cpp.edu/,1,1,1,8,21,34.057912,-117.821476,18,13,15,0,0,0,0,1,1,0,0,0,-1,0.5459,0.5459,500,620,510,650,560,580,19,27,18,27,18,27,23,23,23,1143,1143,1,0,1,1,1,0,1,0,1,1,1,1,1,0,1,1,0,1,1,0,1,1,1,0,1,0,1,0,0,1,0,0,0,0,1,1,1,1,0,26373,0.1497,0.0335,0.4725,0.2152,0.0014,0.0021,0.036,0.0594,0.0303,21967,7396,19276,4048,7032,10766,0.4405,0.1855,0.237615157,0.419338292,0.598230817,0.701421801,0.649834686,1,1,0.5845,0.5286,0.4714,51735,33387,72978,316,6401,1800,16742,2604,13215,3004,0.6936,4009,12734,8596,9630,14012,17944,20896,2.9,Csb
110538,California State University-Chico,Chico,CA,95929-0150,www.csuchico.edu/,1,1,1,8,12,39.729712,-121.844859,18,13,15,0,0,0,0,0,1,0,0,0,-1,0.7233,0.7233,500,600,490,590,550,540,18,24,16,23,17,24,21,20,21,1089,1089,1,1,0,1,1,0,1,0,1,1,1,1,0,0,1,2,0,1,1,0,1,1,2,0,1,0,1,1,1,2,0,0,0,0,1,1,1,1,0,16044,0.4313,0.0279,0.3455,0.056,0.005,0.0025,0.0538,0.0265,0.0514,23888,7806,19686,4240,7046,9692,0.5573,0.1362,0.238833913,0.440586001,0.615595826,0.682819383,0.650075988,1,1,0.5845,0.4689,0.5311,47409,29385,69817,163,4089,1970,13422,2796,13216,2796,0.6736,3178,15017,10260,11576,16116,19444,23039,2.8,Csa
110547,California State University-Dominguez Hills,Carson,CA,90747-0005,https://www.csudh.edu/,1,1,1,8,13,33.864766,-118.255917,18,9,15,0,0,0,0,0,1,0,0,0,-1,0.77,0.77,,,,,,,,,,,,,,,,,,0,0,0,1,1,0,1,0,1,0,1,1,0,0,1,1,0,1,1,0,1,1,1,0,1,0,1,1,1,1,0,0,0,0,1,2,2,1,0,15328,0.0541,0.1051,0.6607,0.0745,0.0008,0.0025,0.0254,0.0491,0.0277,14951,6946,18826,3879,6942,9761,0.4058,0.331,0.342541436,0.433082271,0.549201009,0.56900068,0.512351946,1,2,0.5845,0.3753,0.6247,43481,26795,63253,166,3630,1970,13043,2574,15083,3304,0.4445,2942,4215,2455,3115,6907,10904,13551,2.6,BSk
110556,California State University-Fresno,Fresno,CA,93740,www.fresnostate.edu/,1,1,1,8,11,36.811154,-119.744569,17,11,15,0,0,0,0,1,1,0,0,0,-1,0.5794,0.5794,470,570,470,560,520,515,16,22,15,22,16,22,19,19,19,1030,1030,1,1,0,1,1,0,1,0,1,1,1,1,1,0,1,1,0,1,1,0,1,1,1,0,1,0,1,0,1,1,0,0,0,0,1,1,1,1,0,21156,0.1792,0.0263,0.5455,0.1272,0.004,0.0018,0.0263,0.0551,0.0346,16494,6589,18469,3497,7349,9653,0.5538,0.147,0.224901111,0.316425121,0.494423792,0.590045684,0.58972468,1,1,0.5845,0.4095,0.5905,42306,26662,61240,268,4763,1972,10587,2568,15084,2982,0.5625,4159,5464,3264,3731,7549,11819,15051,2.7,BSk
110565,California State University-Fullerton,Fullerton,CA,92831-3599,www.fullerton.edu/,1,1,1,8,21,33.881506,-117.885446,18,13,15,0,0,0,0,1,1,0,0,0,-1,0.5269,0.5269,510,600,520,600,555,560,19,24,17,24,18,25,22,21,22,1113,1113,0,0,0,1,1,0,1,0,1,1,0,1,0,0,1,1,0,1,1,0,0,1,1,0,1,0,1,1,1,2,0,0,0,0,1,1,2,1,0,35087,0.1799,0.0188,0.4581,0.2098,0.0011,0.0018,0.0393,0.0616,0.0295,17568,6924,18804,5115,7190,10392,0.4788,0.1955,0.290289652,0.473383537,0.636264485,0.731540633,0.681790313,1,1,0.5845,0.4311,0.5689,45657,29559,64185,574,9742,2058,15852,3209,16189,3283,0.6897,6731,7991,4291,6100,9427,12916,16620,2.9,Csa
110574,California State University-East Bay,Hayward,CA,94542,www.csueastbay.edu/,1,1,1,8,21,37.657694,-122.054135,18,13,15,0,0,0,0,1,1,0,0,0,-1,0.7618,0.7618,,,,,,,,,,,,,,,,,,0,1,0,2,1,0,1,0,0,1,0,1,2,0,1,1,0,1,1,0,1,2,1,0,1,0,1,1,1,1,0,0,0,0,1,1,2,1,0,13104,0.148,0.0995,0.3649,0.2266,0.001,0.0102,0.0504,0.0546,0.0448,21495,7000,18880,5685,6062,10382,0.4538,0.3289,0.242742604,0.391180654,0.501832621,0.503967088,0.514563107,1,2,0.5845,0.3993,0.6007,52563,32528,74486,196,4035,1972,14558,3718,15084,5274,0.497,3403,11116,8036,8891,13048,17710,20376,2.7,Csb
110583,California State University-Long Beach,Long Beach,CA,90840-0115,www.csulb.edu/,1,1,1,8,11,33.782818,-118.11204,18,13,15,0,0,0,0,1,1,0,0,0,-1,0.3927,0.3927,520,620,520,630,570,575,20,26,19,26,19,26,23,23,23,1146,1146,0,1,0,1,1,0,1,0,1,1,1,1,1,0,1,1,0,1,1,0,1,1,1,0,1,0,1,1,1,1,0,0,0,0,1,1,1,1,0,32900,0.1681,0.0373,0.4436,0.2104,0.0011,0.0027,0.0464,0.064,0.0266,19239,6834,18714,4623,8018,10346,0.4785,0.1767,0.308247277,0.520715096,0.705767077,0.754687742,0.714653345,1,1,0.5845,0.4369,0.5631,46059,29143,65942,605,9941,2058,13158,3208,15056,3282,0.7351,6453,9622,6364,7595,10807,14544,18180,2.9,BSk
110592,California State University-Los Angeles,Los Angeles,CA,90032-8506,www.calstatela.edu/,1,1,1,8,11,34.066927,-118.168965,18,11,15,0,0,0,0,1,1,0,0,0,-1,0.4781,0.4781,450,540,440,540,495,490,15,20,14,20,16,19,18,17,18,979,979,1,0,0,1,1,1,1,0,1,1,1,1,1,0,1,1,0,1,1,0,1,1,1,0,1,0,1,1,1,1,0,0,0,0,1,1,1,1,0,22743,0.0459,0.0314,0.6972,0.1248,0.0008,0.001,0.0135,0.0644,0.0209,14728,6768,18648,3431,6913,10216,0.3966,0.2304,0.280569007,0.338364167,0.527672359,0.556405354,0.492602866,1,1,0.5845,0.4211,0.5789,42517,26698,60696,357,5562,2058,15992,3209,16189,3283,0.5168,4707,2768,1379,2117,5644,9576,13159,2.7,Csb
110608,California State University-Northridge,Northridge,CA,91330,https://www.csun.edu/,1,1,1,8,11,34.240126,-118.529319,18,11,15,0,0,0,0,0,1,0,0,0,-1,0.5934,0.5934,460,570,450,560,515,505,16,22,15,22,16,22,19,19,19,1019,1019,0,0,0,1,1,0,1,0,1,1,1,1,1,0,1,2,0,1,1,0,1,1,1,0,1,0,1,1,1,1,0,0,0,0,1,1,1,1,0,34713,0.2036,0.0481,0.515,0.0944,0.001,0.001,0.03,0.0712,0.0357,19301,6977,18857,4480,6951,10414,0.4396,0.2097,0.269891008,0.403596404,0.557248488,0.637672375,0.591728814,1,1,0.5845,0.4527,0.5473,42178,26196,61095,571,9351,2058,11328,3282,16188,3282,0.5524,6599,8414,5945,6883,10783,15346,18261,2.8,Csb
110617,California State University-Sacramento,Sacramento,CA,95819-2694,www.csus.edu/,1,1,1,8,11,38.559415,-121.423549,18,11,15,0,0,0,0,1,1,0,0,0,-1,0.8226,0.8226,470,570,470,570,520,520,16,22,15,22,16,22,19,19,19,1035,1035,0,1,0,1,1,0,1,0,2,1,1,1,1,0,1,1,0,1,1,0,1,1,1,0,1,0,1,2,1,1,0,0,0,0,1,1,1,1,0,28718,0.2512,0.0604,0.3454,0.1938,0.0021,0.0086,0.0604,0.0342,0.0437,20173,7368,19248,5269,7572,9863,0.4812,0.2211,0.28357153,0.415108452,0.543679491,0.628712871,0.645689655,1,1,0.5845,0.4454,0.5546,47905,31441,66522,378,7325,1970,15224,2568,15084,2982,0.5484,5858,9979,6819,7823,11413,15812,18922,2.7,Csa
110635,University of California-Berkeley,Berkeley,CA,94720,www.berkeley.edu/,1,1,1,8,12,37.871918,-122.260463,15,15,16,0,0,0,0,0,0,0,0,0,-1,0.1625,0.1625,650,740,680,790,695,735,31,35,29,35,28,35,33,32,32,1449,1449,0,1,1,1,1,0,1,0,0,1,0,1,0,1,1,1,0,1,1,0,1,0,1,0,1,0,1,0,1,1,0,0,0,0,1,1,1,1,0,31345,0.2396,0.0191,0.1609,0.3553,0.0011,0.0017,0.0586,0.1271,0.0366,37852,14253,44007,22219,19585,17763,0.6757,0.056,0.26216014,0.597049689,0.755131611,0.669618012,0.533029613,1,1,0.5845,0.4604,0.5396,65914,38343,107102,468,5931,870,19105,5148,14771,5359,0.926,3953,15329,8392,9130,13081,21401,32504,3.7,Csb
110644,University of California-Davis,Davis,CA,95616-8678,ucdavis.edu/,1,1,1,8,23,38.539667,-121.749567,15,15,15,0,0,0,0,1,0,0,0,0,-1,0.3887,0.3887,580,680,590,730,630,660,24,32,22,32,23,29,28,27,26,1298,1298,1,1,1,1,1,0,1,0,1,1,0,1,1,0,1,0,0,1,1,0,1,0,1,0,1,0,1,0,0,1,0,0,0,0,1,1,1,1,0,30962,0.2303,0.0212,0.2317,0.2764,0.0015,0.0038,0.0551,0.1675,0.0125,34752,14495,44249,18544,23607,15374,0.8472,0.0541,0.252076562,0.571456967,0.763508512,0.829885946,0.759917355,1,1,0.5845,0.3928,0.6072,54621,34120,80415,524,7105,1158,15775,4507,10588,4856,0.8667,5173,14669,9842,10769,13578,17622,29734,3.3,Csa
